# ************************************************************
# Sequel Pro SQL dump
# Version 4541
#
# http://www.sequelpro.com/
# https://github.com/sequelpro/sequelpro
#
# Host: 18.218.241.173 (MySQL 5.7.23-0ubuntu0.16.04.1)
# Database: bereached
# Generation Time: 2018-08-30 13:08:04 +0000
# ************************************************************


/*!40101 SET @OLD_CHARACTER_SET_CLIENT=@@CHARACTER_SET_CLIENT */;
/*!40101 SET @OLD_CHARACTER_SET_RESULTS=@@CHARACTER_SET_RESULTS */;
/*!40101 SET @OLD_COLLATION_CONNECTION=@@COLLATION_CONNECTION */;
/*!40101 SET NAMES utf8 */;
/*!40014 SET @OLD_FOREIGN_KEY_CHECKS=@@FOREIGN_KEY_CHECKS, FOREIGN_KEY_CHECKS=0 */;
/*!40101 SET @OLD_SQL_MODE=@@SQL_MODE, SQL_MODE='NO_AUTO_VALUE_ON_ZERO' */;
/*!40111 SET @OLD_SQL_NOTES=@@SQL_NOTES, SQL_NOTES=0 */;


# Dump of table ci_sessions
# ------------------------------------------------------------

DROP TABLE IF EXISTS `ci_sessions`;

CREATE TABLE `ci_sessions` (
  `id` varchar(40) NOT NULL,
  `ip_address` varchar(45) NOT NULL,
  `timestamp` int(10) unsigned NOT NULL DEFAULT '0',
  `data` blob NOT NULL,
  PRIMARY KEY (`id`),
  KEY `ci_sessions_timestamp` (`timestamp`)
) ENGINE=InnoDB DEFAULT CHARSET=utf8;

LOCK TABLES `ci_sessions` WRITE;
/*!40000 ALTER TABLE `ci_sessions` DISABLE KEYS */;

INSERT INTO `ci_sessions` (`id`, `ip_address`, `timestamp`, `data`)
VALUES
	('026vkgd372nug03vp5r5vmv20k0n09er','62.228.182.205',1535031288,X'5F5F63695F6C6173745F726567656E65726174657C693A313533353033313238373B'),
	('02pfqrmnmuj8qgbp4lvnq39q7o4b52jr','103.98.32.25',1535112589,X'5F5F63695F6C6173745F726567656E65726174657C693A313533353131323538393B'),
	('03kovetmignfddgn04uk1293dniea0hh','116.212.158.230',1534771327,X'5F5F63695F6C6173745F726567656E65726174657C693A313533343737313332353B'),
	('09mh35uehmm7tojujerhoogd12g6aseg','45.56.153.186',1535018608,X'5F5F63695F6C6173745F726567656E65726174657C693A313533353031383630383B'),
	('0cu2lnb3a42fijc0j4fdi4jnrilqfrkg','45.56.153.179',1534650266,X'5F5F63695F6C6173745F726567656E65726174657C693A313533343635303236363B'),
	('0d3plj7sd5i8b8nqu1samk53snhtvhlt','64.64.108.140',1535546658,X'5F5F63695F6C6173745F726567656E65726174657C693A313533353534363635383B'),
	('0fjj3rspbqtqr44n7jg92i7rfru0ojiv','45.56.153.67',1535376466,X'5F5F63695F6C6173745F726567656E65726174657C693A313533353337363436363B'),
	('0i9uudgccjrodd429s2jp5r6onmam2kb','45.125.192.211',1534709011,X'5F5F63695F6C6173745F726567656E65726174657C693A313533343730393031313B'),
	('0l442i6fpja21eru2sao4bpgbgqcckvq','213.207.135.38',1535441832,X'5F5F63695F6C6173745F726567656E65726174657C693A313533353434313731353B'),
	('0naifj4ojbt242tr51olqrb777afuq8f','45.56.153.214',1535367572,X'5F5F63695F6C6173745F726567656E65726174657C693A313533353336373537323B'),
	('0nem4qb5mc3jmuj89f6m1jamncsn31k8','45.125.192.211',1534752034,X'5F5F63695F6C6173745F726567656E65726174657C693A313533343735323033343B'),
	('0o8l2nrmmfl68l7cl9jq325gsftvib5v','139.208.41.181',1534726816,X'5F5F63695F6C6173745F726567656E65726174657C693A313533343732363831363B'),
	('0rqu5ni95n5gk3f16rm4ci4n63k1g8a5','91.184.211.126',1535564970,X'5F5F63695F6C6173745F726567656E65726174657C693A313533353536343937303B'),
	('0svq8hh0m6qjje1neg9h2lgnc5e53u61','117.3.102.214',1534872404,X'5F5F63695F6C6173745F726567656E65726174657C693A313533343837323333323B'),
	('12sa70g4a66118lg8hf9bgd4f8hi9bgc','45.56.153.216',1535617249,X'5F5F63695F6C6173745F726567656E65726174657C693A313533353631373234383B'),
	('138ldrlkh3mo6lbr3rv803bnj4549thr','62.228.182.205',1534970911,X'5F5F63695F6C6173745F726567656E65726174657C693A313533343937303931313B'),
	('16l335dg6pbhcdhm8niv1h4nb49h3ivb','45.125.192.211',1534650291,X'5F5F63695F6C6173745F726567656E65726174657C693A313533343635303239313B'),
	('18o4is3s3tirrqh7qugqkle332vfle2k','64.64.108.32',1534797346,X'5F5F63695F6C6173745F726567656E65726174657C693A313533343739373334363B'),
	('1ajcfegc52lbnt00kvj3qcjf3nvacvv6','103.98.32.25',1535172857,X'5F5F63695F6C6173745F726567656E65726174657C693A313533353137323835373B'),
	('1c2lflkia9b04g03fscdhn6avuusvu7q','45.56.153.216',1535586542,X'5F5F63695F6C6173745F726567656E65726174657C693A313533353538363533393B'),
	('1cu6ld5resdjmu8q5jtiha4guv5hv92v','45.56.153.216',1535618008,X'5F5F63695F6C6173745F726567656E65726174657C693A313533353631383030383B'),
	('1dcv7rvq5pavgqak5p43d97de2qkdl79','45.56.153.80',1535254054,X'5F5F63695F6C6173745F726567656E65726174657C693A313533353235343035343B'),
	('1dvolf58774kaksmlugv4pt1e2j8533s','64.64.108.172',1534731295,X'5F5F63695F6C6173745F726567656E65726174657C693A313533343733313239353B'),
	('1gc7ag5s96gm67n6oht9bklbmuqsiil3','64.64.108.189',1535355087,X'5F5F63695F6C6173745F726567656E65726174657C693A313533353335353038373B'),
	('1gcfici14b9tbg098ommo4f24nra5vmj','45.125.192.211',1534730951,X'5F5F63695F6C6173745F726567656E65726174657C693A313533343733303935313B'),
	('1o3tk96e565ben5dcub813i63uhnknr1','64.64.108.142',1534742141,X'5F5F63695F6C6173745F726567656E65726174657C693A313533343734323134313B'),
	('1piolpl528tva3ro2v5q5lro8u5ijmbt','128.0.249.119',1535526147,X'5F5F63695F6C6173745F726567656E65726174657C693A313533353532363031323B'),
	('1pk3cg90mbgkh771dl1n9eh2to7ha13l','117.3.102.214',1534927282,X'5F5F63695F6C6173745F726567656E65726174657C693A313533343932373238323B'),
	('1rufi35f36ig0lrkkh0ars2t0pgu3kci','45.56.153.173',1535544722,X'5F5F63695F6C6173745F726567656E65726174657C693A313533353534343732323B'),
	('1tsgfhkr1ckn4t6r708jud8dnodbmqcl','31.153.103.164',1534871608,X'5F5F63695F6C6173745F726567656E65726174657C693A313533343837313630383B'),
	('20njt6eo24dve1vqk29kalp06mj4idak','45.56.153.104',1535455011,X'5F5F63695F6C6173745F726567656E65726174657C693A313533353435353031313B'),
	('221hilbn7ljsq4e13itvc89m9ablhhi3','45.56.153.216',1535579301,X'5F5F63695F6C6173745F726567656E65726174657C693A313533353537393330313B'),
	('23erml5iju2l2l9u7f4b4seqrjimnl0j','45.56.153.67',1535339679,X'5F5F63695F6C6173745F726567656E65726174657C693A313533353333393637393B'),
	('26v85csbeumne9hlq1p03kpffi4v6nqu','64.64.108.172',1534733696,X'5F5F63695F6C6173745F726567656E65726174657C693A313533343733333639363B'),
	('28h7flagn24a26dp81hii164p2mf6uk5','45.56.153.112',1535254654,X'5F5F63695F6C6173745F726567656E65726174657C693A313533353235343635343B'),
	('2av10h8cks33achmvlep38t57mgu34pq','212.50.96.83',1535489211,X'5F5F63695F6C6173745F726567656E65726174657C693A313533353438393039323B'),
	('2gt7fkuf2raqt6jrjdtkk7bljplcklmj','64.64.108.111',1535630856,X'5F5F63695F6C6173745F726567656E65726174657C693A313533353633303835363B'),
	('2jls4mgda3g9gg5u8e10j47334ltimma','45.56.153.87',1534559693,X'5F5F63695F6C6173745F726567656E65726174657C693A313533343535393639333B'),
	('2jtv3skq3cskdpbfjtt541i5l6hjaeeh','45.56.153.220',1535109746,X'5F5F63695F6C6173745F726567656E65726174657C693A313533353130393734363B'),
	('2mit4ib9ckgd5fdpjprk6h1gcibb5vus','91.184.211.126',1535563505,X'5F5F63695F6C6173745F726567656E65726174657C693A313533353536333530353B'),
	('2pgv6jics419sfd2n7dcn5a3tteegcng','45.125.192.211',1534688802,X'5F5F63695F6C6173745F726567656E65726174657C693A313533343638383534343B'),
	('2puq4ifvimgfqf4p50v080b2q8ao96s8','139.208.43.236',1535581428,X'5F5F63695F6C6173745F726567656E65726174657C693A313533353538313432383B'),
	('2qkntr29enc9req5lcdqq2b5blatnhnf','45.125.192.211',1534665965,X'5F5F63695F6C6173745F726567656E65726174657C693A313533343636353936353B'),
	('2trm3mch5lue4l7d9dmfrg2a01515c2a','45.56.153.156',1534799856,X'5F5F63695F6C6173745F726567656E65726174657C693A313533343739393835363B'),
	('2ueurvrvkr4je4p7jse8oh2cspqlo9k2','45.56.153.186',1535022542,X'5F5F63695F6C6173745F726567656E65726174657C693A313533353032323534323B'),
	('2v16g9i1jk492upq3pfodonrq8seua64','103.98.32.25',1535106958,X'5F5F63695F6C6173745F726567656E65726174657C693A313533353130363935383B'),
	('2vprdd6uko10eobvurgd03ut1c6ankjp','45.56.153.156',1534804431,X'5F5F63695F6C6173745F726567656E65726174657C693A313533343830343433313B'),
	('339g42b04kk08m427gkpgru7gd12t763','45.125.192.211',1534752475,X'5F5F63695F6C6173745F726567656E65726174657C693A313533343735323437343B'),
	('34hgtlhrotpi8ifkbidi50c3rbhvj17m','64.64.108.70',1535619045,X'5F5F63695F6C6173745F726567656E65726174657C693A313533353631393034353B'),
	('36of4ok21do8jgi1jtj5bl9jhgijus8c','45.56.153.104',1535457039,X'5F5F63695F6C6173745F726567656E65726174657C693A313533353435373033393B'),
	('3b2vs3cc4d7er38jc70nhtensvrir4hr','64.64.108.70',1535620147,X'5F5F63695F6C6173745F726567656E65726174657C693A313533353632303134373B'),
	('3c0911t8589lbipcinagnl18aul0nac3','45.56.153.112',1535253295,X'5F5F63695F6C6173745F726567656E65726174657C693A313533353235333239353B'),
	('3dni7es4m3jm46g6utncsoa15alkfpa1','62.228.182.205',1535009972,X'5F5F63695F6C6173745F726567656E65726174657C693A313533353030393937313B'),
	('3eccgu8kn6hqu46f2fvvs6upoovjau2n','64.64.108.32',1534806678,X'5F5F63695F6C6173745F726567656E65726174657C693A313533343830363637373B'),
	('3om4l9t0472hegou6sfv9ggvkaea50tc','46.199.62.31',1535574585,X'5F5F63695F6C6173745F726567656E65726174657C693A313533353537343538353B'),
	('3psffrn5osetv8jl7pc7ej4llhk6fjst','45.125.192.211',1534734763,X'5F5F63695F6C6173745F726567656E65726174657C693A313533343733343736333B'),
	('3r57o087d8g3d18q3fgf0tv77kt8q2jg','91.184.211.126',1535582935,X'5F5F63695F6C6173745F726567656E65726174657C693A313533353538323933353B'),
	('3rp32sorttoltqc7lg1q8p3mvpn9imfq','212.50.96.83',1535487432,X'5F5F63695F6C6173745F726567656E65726174657C693A313533353438373433323B'),
	('3v38u0haaf5qq47av3rerqc2g2h9ilks','45.56.153.112',1535255608,X'5F5F63695F6C6173745F726567656E65726174657C693A313533353235353430303B'),
	('4177rl9l9ut8ubv2rvpvm1tqrb9sftl3','45.56.153.173',1535541208,X'5F5F63695F6C6173745F726567656E65726174657C693A313533353534313230383B'),
	('41hm05mp9hllucchc89r24529an1kec3','64.64.108.140',1535541521,X'5F5F63695F6C6173745F726567656E65726174657C693A313533353534313532313B'),
	('42rfkbnd9es0b8sj59dn6j16kt5rjib8','45.56.153.216',1535581099,X'5F5F63695F6C6173745F726567656E65726174657C693A313533353538313039393B'),
	('42sjpk4k2cbpqj9iim4lm1p9mj2k0jli','64.64.108.172',1534732539,X'5F5F63695F6C6173745F726567656E65726174657C693A313533343733323533393B'),
	('453p7jdcrnvtimkk2di2q9ehd6crlbql','103.98.32.25',1535116184,X'5F5F63695F6C6173745F726567656E65726174657C693A313533353131363137323B'),
	('4aigh5807loccmo942kismbkbjhre7q9','64.64.108.243',1534770418,X'5F5F63695F6C6173745F726567656E65726174657C693A313533343737303431383B'),
	('4at94rf709ktg59pdl5b0p2bb4gg8uk4','45.56.153.156',1534806009,X'5F5F63695F6C6173745F726567656E65726174657C693A313533343830363030393B'),
	('4cmksf2ev0p7h2g6ofmbt37eg51ke7s7','103.98.32.25',1535112275,X'5F5F63695F6C6173745F726567656E65726174657C693A313533353131323237353B'),
	('4hsbl0r1acpkgc1gjsm3bg6ehhvi90lg','45.56.153.218',1535508675,X'5F5F63695F6C6173745F726567656E65726174657C693A313533353530383637353B'),
	('4hu68vkepjf3o32g9eo9k3q64pp640gj','45.56.153.122',1535333454,X'5F5F63695F6C6173745F726567656E65726174657C693A313533353333333435343B'),
	('4l9r1n2sq10lhorrga7sqi3i3vrckq8m','212.50.96.83',1535490626,X'5F5F63695F6C6173745F726567656E65726174657C693A313533353439303632363B'),
	('4mm8bs7r51i7l9n8eb4kn524im7jcj61','64.64.108.140',1535581100,X'5F5F63695F6C6173745F726567656E65726174657C693A313533353538313130303B'),
	('4prjg1cl33fbj0n7pt39ha3p8hkpm48p','64.64.108.142',1534735607,X'5F5F63695F6C6173745F726567656E65726174657C693A313533343733353630373B'),
	('4uoggbb2sg8qasqad7e3gtrpdjqonq80','45.125.192.211',1534710524,X'5F5F63695F6C6173745F726567656E65726174657C693A313533343731303530343B'),
	('4vmeurn09n72nkoe7oup5cft077v314m','45.56.153.87',1534563822,X'5F5F63695F6C6173745F726567656E65726174657C693A313533343536333832323B'),
	('52ilkftqu4a0u0dcluh7em9o90rokca7','64.64.108.211',1535512731,X'5F5F63695F6C6173745F726567656E65726174657C693A313533353531323733313B'),
	('52l8jq0uh7ehugbe16kcq6a23j42ci94','45.56.153.195',1535013709,X'5F5F63695F6C6173745F726567656E65726174657C693A313533353031333639303B'),
	('58d0eebv3ksulcrm7u6gg3on8dsognsf','45.56.153.186',1535033937,X'5F5F63695F6C6173745F726567656E65726174657C693A313533353033333933363B'),
	('58r1bpj8idh3p4bpvg6qk50vqhjva1om','103.98.32.25',1535172857,X'5F5F63695F6C6173745F726567656E65726174657C693A313533353137323835373B'),
	('5g6e3312qnak9qoigimtnud7q3ie09u4','45.56.153.67',1535333382,X'5F5F63695F6C6173745F726567656E65726174657C693A313533353333333338323B'),
	('5ghnlq619mrnobgovqtv06c300cg69b7','64.64.108.211',1535520159,X'5F5F63695F6C6173745F726567656E65726174657C693A313533353532303135393B'),
	('5glooc3g5vrmv0mrmgk01cneo9nrmr3t','106.0.59.157',1535280517,X'5F5F63695F6C6173745F726567656E65726174657C693A313533353238303531373B'),
	('5ircvak6onq5n5mp02j5p41fg5i2g76t','64.64.108.228',1535353402,X'5F5F63695F6C6173745F726567656E65726174657C693A313533353335333430313B'),
	('5p11mv9ced1vddj8cadohs3q0pkj2jma','45.56.153.179',1534662360,X'5F5F63695F6C6173745F726567656E65726174657C693A313533343636323335393B'),
	('5u8b42ulgdu5735pl2i4af76u7mh5h95','213.207.135.38',1535441715,X'5F5F63695F6C6173745F726567656E65726174657C693A313533353434313731353B'),
	('5vfvbl0dtn141nur9uds9qln32i9hrfs','64.64.108.211',1535529941,X'5F5F63695F6C6173745F726567656E65726174657C693A313533353532393934313B'),
	('6h71rme1i1p5oc31l1ucjt0tr7r5l8io','64.64.108.140',1535543438,X'5F5F63695F6C6173745F726567656E65726174657C693A313533353534333433383B'),
	('6mrnlofll9kpkq480culc8lnddl2qnd5','64.64.108.172',1534729639,X'5F5F63695F6C6173745F726567656E65726174657C693A313533343732393633383B'),
	('6nphpd5tfq9oeplh7fr2467bi7t09ovn','45.56.153.67',1535340853,X'5F5F63695F6C6173745F726567656E65726174657C693A313533353334303835333B'),
	('6nvnagbl6sbo8ht8v25rh70r87ehdcvr','103.98.32.25',1535116172,X'5F5F63695F6C6173745F726567656E65726174657C693A313533353131363137323B'),
	('6ourn12035c7tdhn5hr3gk3fh9be2tq9','46.199.31.85',1534574393,X'5F5F63695F6C6173745F726567656E65726174657C693A313533343537343339313B'),
	('6r5orbvv26b4v9qou7dh78iu6tl6f4oq','103.98.32.25',1535359816,X'5F5F63695F6C6173745F726567656E65726174657C693A313533353335393831363B'),
	('6rcnju2bdu0bjqnsm8qhti04othsm58r','64.64.108.70',1535587071,X'5F5F63695F6C6173745F726567656E65726174657C693A313533353538373037313B'),
	('6rgctslb0qniqv5psc9giejdt29dlgj8','45.56.153.216',1535616902,X'5F5F63695F6C6173745F726567656E65726174657C693A313533353631363930323B'),
	('6sacq785gitq08ajl0k9ie481uvhqhd9','64.64.108.140',1535578537,X'5F5F63695F6C6173745F726567656E65726174657C693A313533353537383533363B'),
	('6tagnd5kvgp6fp3l2mgaib2vjfa63p30','64.64.108.142',1535630024,X'5F5F63695F6C6173745F726567656E65726174657C693A313533353633303032343B'),
	('6uq9e8ccvbmvuc80es0pgglpei0dq1b4','45.125.192.211',1534709471,X'5F5F63695F6C6173745F726567656E65726174657C693A313533343730393437313B'),
	('6v8mnm4j34hvujnfub1v32fcvqag4l25','106.0.59.157',1535280517,X'5F5F63695F6C6173745F726567656E65726174657C693A313533353238303531373B'),
	('6vul0buag6ca9eah1hmuhn2eonjl1oe5','45.56.153.156',1534815265,X'5F5F63695F6C6173745F726567656E65726174657C693A313533343831353236353B'),
	('710d04ab8dvrrt031fol1le1te9af3dr','64.64.108.142',1534757118,X'5F5F63695F6C6173745F726567656E65726174657C693A313533343735373131373B'),
	('737f9hut591bqtvs904ii9prb3i9d41i','45.56.153.216',1535584202,X'5F5F63695F6C6173745F726567656E65726174657C693A313533353538343230323B'),
	('76jm4i8cr69p5ftfd00mkjo3oi1r0j35','212.50.96.83',1535484136,X'5F5F63695F6C6173745F726567656E65726174657C693A313533353438343133363B'),
	('7aitjs2jhqtrerphk9u7mkdbrpv22c2p','46.199.21.154',1534876144,X'5F5F63695F6C6173745F726567656E65726174657C693A313533343837363134343B'),
	('7bvnn9srtqdon3stct13ib38g2phfac8','45.56.153.216',1535618685,X'5F5F63695F6C6173745F726567656E65726174657C693A313533353631383638353B'),
	('7gq7j3h1k6639ioo9t5lt1jj9fkv11gf','64.64.108.140',1535542459,X'5F5F63695F6C6173745F726567656E65726174657C693A313533353534323435393B'),
	('7l4te9e7icigd2kf5e1dihp2cqbig22m','212.50.96.83',1535485280,X'5F5F63695F6C6173745F726567656E65726174657C693A313533353438353238303B'),
	('7nfr6b3sjjlmnp418g3mltb1prto2r97','45.56.153.67',1535408040,X'5F5F63695F6C6173745F726567656E65726174657C693A313533353430383033393B'),
	('7qq8m7f26q6q6vcijuk1pf6iec2dsqhu','185.92.24.34',1535493569,X'5F5F63695F6C6173745F726567656E65726174657C693A313533353439333536383B'),
	('7vb1kmb30k54j3794bke1sgv821ndq4d','45.56.153.173',1535545873,X'5F5F63695F6C6173745F726567656E65726174657C693A313533353534353834383B'),
	('80hk6k07vgo79pqb3pifbcdveedio05h','64.64.108.172',1534730025,X'5F5F63695F6C6173745F726567656E65726174657C693A313533343733303032353B'),
	('80hmcllp64glorthf2pe0tvqmq3vvu00','103.98.32.25',1535462480,X'5F5F63695F6C6173745F726567656E65726174657C693A313533353436323437393B'),
	('871a76idv2seprsvog6t7688rhkt2sou','45.125.192.211',1534710504,X'5F5F63695F6C6173745F726567656E65726174657C693A313533343731303530343B'),
	('8fqbao9bgdk0n9jg95advsnfhk63c8l8','103.98.32.25',1535107601,X'5F5F63695F6C6173745F726567656E65726174657C693A313533353130373630313B'),
	('8h44vn3mee1tg08dofe0cdi1rdjil5j0','117.3.102.214',1534955029,X'5F5F63695F6C6173745F726567656E65726174657C693A313533343935353032383B'),
	('8jtftcjf933js9lke1r3rglsq8lbqeo5','64.64.108.189',1535355088,X'5F5F63695F6C6173745F726567656E65726174657C693A313533353335353038373B'),
	('8muoh79nh7q2q1j99sb9pv8g8sj3nddc','64.64.108.211',1535521736,X'5F5F63695F6C6173745F726567656E65726174657C693A313533353532313733363B'),
	('8pl3jn8kpe1v9es2lgd54q9om5qvomrj','45.56.153.173',1535529729,X'5F5F63695F6C6173745F726567656E65726174657C693A313533353532393732383B'),
	('8pr64sookm7c2tmqcjj8jhtmuljd55uh','45.56.153.173',1535536720,X'5F5F63695F6C6173745F726567656E65726174657C693A313533353533363534333B'),
	('8rcu93urktnj3em4a2hpf2ttr2vbqmnb','64.64.108.243',1534774512,X'5F5F63695F6C6173745F726567656E65726174657C693A313533343737343531323B'),
	('8rff32j301r3g2brfp0og3gtsectfp5b','128.0.249.119',1535630608,X'5F5F63695F6C6173745F726567656E65726174657C693A313533353633303630373B'),
	('8srm0a7kr43uv2reo8cngrv2dnrhgqb6','45.56.153.218',1535527104,X'5F5F63695F6C6173745F726567656E65726174657C693A313533353532373130343B'),
	('8tp2p05h6idc43221dsahij2b4etjdeq','45.125.192.211',1534667824,X'5F5F63695F6C6173745F726567656E65726174657C693A313533343636373832343B'),
	('8uectm6ug8s4dcs7qkpuaamskrr18hlg','213.207.135.38',1535437053,X'5F5F63695F6C6173745F726567656E65726174657C693A313533353433373035333B'),
	('92k1ig39c8omhlmq6g9vi7qork3q9d1f','64.64.108.32',1534804763,X'5F5F63695F6C6173745F726567656E65726174657C693A313533343830343736333B'),
	('92upa2mlmv655ac6sric5487b60smpu8','45.56.153.216',1535618793,X'5F5F63695F6C6173745F726567656E65726174657C693A313533353631383638353B'),
	('93th4dedbs98q9mgvnf90rh283csfpmi','212.50.96.83',1535484488,X'5F5F63695F6C6173745F726567656E65726174657C693A313533353438343438383B'),
	('93uhsnhnlunsmb2v8l6o3bmgfvtreg0s','45.56.153.173',1535531165,X'5F5F63695F6C6173745F726567656E65726174657C693A313533353533313136353B'),
	('940tput9l3b6n6qkcucoiv7djnnvuv81','45.56.153.216',1535586574,X'5F5F63695F6C6173745F726567656E65726174657C693A313533353538363537343B'),
	('94fknsouq8a2coc7d3eqlm7uiddanpbn','62.228.182.205',1534975022,X'5F5F63695F6C6173745F726567656E65726174657C693A313533343937353032323B'),
	('95rnpfh233u2ho8po4jp3lmgu3993uif','64.64.108.100',1534709498,X'5F5F63695F6C6173745F726567656E65726174657C693A313533343730393439383B'),
	('96dt74rkss27946badakb9mp2igqj827','64.64.108.142',1535632323,X'5F5F63695F6C6173745F726567656E65726174657C693A313533353633323332333B'),
	('9c0of7aiaastcj9ferdspthv5t56sbc2','213.207.135.38',1535428525,X'5F5F63695F6C6173745F726567656E65726174657C693A313533353432383532343B'),
	('9care55bi9d33gs9p3j1j0um53g5colp','64.64.108.140',1535545368,X'5F5F63695F6C6173745F726567656E65726174657C693A313533353534353336383B'),
	('9g999ook0cvtfqo19iojno3pgl1jb5j3','117.3.102.214',1535024397,X'5F5F63695F6C6173745F726567656E65726174657C693A313533353032343339363B'),
	('9hv3skb84fcovgpqcngdnrt5f7358qho','45.56.153.195',1535022825,X'5F5F63695F6C6173745F726567656E65726174657C693A313533353032323832343B'),
	('9l5uf1jlikp5nfg36va2linfk5p7ge99','45.56.153.112',1535254207,X'5F5F63695F6C6173745F726567656E65726174657C693A313533353235343230373B'),
	('9nr63s24rpahjj51o6pf79i2rkm57hul','64.64.108.170',1534929963,X'5F5F63695F6C6173745F726567656E65726174657C693A313533343932393936333B'),
	('9o1ibrt7kfql64kavb9mgrlnkeom1709','64.64.108.142',1534741591,X'5F5F63695F6C6173745F726567656E65726174657C693A313533343734313539313B'),
	('9sdtgqeis2jfjrnp18paenp1cngfhb9u','45.56.153.218',1535510394,X'5F5F63695F6C6173745F726567656E65726174657C693A313533353531303339333B'),
	('9si77vkjai4pk1c2vqul3fm3mm1ndaki','64.64.108.140',1535579690,X'5F5F63695F6C6173745F726567656E65726174657C693A313533353537393639303B'),
	('a1ieghkjqpp97fok5fp47u5rf6ali0ue','64.64.108.70',1535587071,X'5F5F63695F6C6173745F726567656E65726174657C693A313533353538373037313B'),
	('a1vs55751b6jmpq6n917sirfdof4oraj','182.239.82.212',1535205529,X'5F5F63695F6C6173745F726567656E65726174657C693A313533353230353531393B'),
	('a5452nj8fk0nfbccksq97jl2qem5u1hr','106.0.59.157',1535279695,X'5F5F63695F6C6173745F726567656E65726174657C693A313533353237393639353B'),
	('abrbfbrs7q4dde4icajguj2fh42arn32','117.3.102.214',1535024396,X'5F5F63695F6C6173745F726567656E65726174657C693A313533353032343339353B'),
	('adb5j2g2uo17s70l9tau41k8p9mrsm74','64.64.108.211',1535510073,X'5F5F63695F6C6173745F726567656E65726174657C693A313533353531303037333B'),
	('admggo0683o13l9740kqvtonel1bqj9p','91.184.211.126',1535582936,X'5F5F63695F6C6173745F726567656E65726174657C693A313533353538323933353B'),
	('ag28g3bq1kpjt7mg06vhtgsok3kdkvai','64.64.108.111',1535633856,X'5F5F63695F6C6173745F726567656E65726174657C693A313533353633333835363B'),
	('akp3b0ko6vtrus1prcqfcitndmlki94p','45.56.153.173',1535543412,X'5F5F63695F6C6173745F726567656E65726174657C693A313533353534333431323B'),
	('aovcik46hpniprmrf2na8842bb81jgpk','31.153.103.164',1534790315,X'5F5F63695F6C6173745F726567656E65726174657C693A313533343739303331313B'),
	('b52k22clk204pquolcfbk6gpb1aq43lq','103.98.32.25',1535110360,X'5F5F63695F6C6173745F726567656E65726174657C693A313533353131303336303B'),
	('b5regog8m0a6v035lpj0dg4qe4t2tjap','213.7.177.242',1535606642,X'5F5F63695F6C6173745F726567656E65726174657C693A313533353630363634313B'),
	('ba05cnfp4hufqkecdgbf43l19k7689t1','45.56.153.74',1535496695,X'5F5F63695F6C6173745F726567656E65726174657C693A313533353439363639353B'),
	('ba0eektij1lpf4cofi5bt0e94mqjffn6','45.56.153.216',1535578725,X'5F5F63695F6C6173745F726567656E65726174657C693A313533353537383732353B'),
	('bc3dcr2nr01pqmv8q4au5a8hluevn5jc','139.208.41.181',1534685868,X'5F5F63695F6C6173745F726567656E65726174657C693A313533343638353836383B'),
	('bc5f2lsjc1j6a0qsf4angoqoheiqkdns','182.239.82.212',1535205519,X'5F5F63695F6C6173745F726567656E65726174657C693A313533353230353531393B'),
	('bga3ba3189ju51p4iak7p0riml484pum','64.64.108.70',1535617766,X'5F5F63695F6C6173745F726567656E65726174657C693A313533353631373736363B'),
	('bhrn3s4fcs11jf0vq9onqt0bua2e9taq','45.56.153.156',1534819799,X'5F5F63695F6C6173745F726567656E65726174657C693A313533343831393739393B'),
	('bl26startqui7oi3bpuff697ae2us1e5','45.56.153.67',1535361956,X'5F5F63695F6C6173745F726567656E65726174657C693A313533353336313931383B'),
	('bp2sjmu7a9s7sicnjoeqn2o7be5hmuq3','213.207.135.41',1535359424,X'5F5F63695F6C6173745F726567656E65726174657C693A313533353335393337303B'),
	('bvba2vfs3hkpjk2qu27c4d58ms0f87er','62.228.182.205',1534975023,X'5F5F63695F6C6173745F726567656E65726174657C693A313533343937353032323B'),
	('c0io39s1s4v0qs5udrqflrdtkgc9ltgj','103.98.32.25',1535108095,X'5F5F63695F6C6173745F726567656E65726174657C693A313533353130383039353B'),
	('c269pos75q7h1otidjviplme04hkkbkl','64.64.108.70',1535620147,X'5F5F63695F6C6173745F726567656E65726174657C693A313533353632303134373B'),
	('c4f61f5u9qrrt78kbemc55efvmfu26em','45.56.153.122',1535331737,X'5F5F63695F6C6173745F726567656E65726174657C693A313533353333313733373B'),
	('c4jf947lbn41lk6il3gihte5vvjmhbm2','139.208.41.181',1534727960,X'5F5F63695F6C6173745F726567656E65726174657C693A313533343732373936303B'),
	('ca21qv9lhgv9h69en3ejd14mh90us2s8','45.56.153.80',1535255312,X'5F5F63695F6C6173745F726567656E65726174657C693A313533353235353331323B'),
	('ca5a1vnpuqpmt5sr2egftib7fiatqfj0','45.125.192.211',1534754073,X'5F5F63695F6C6173745F726567656E65726174657C693A313533343735343037333B'),
	('cbcdblepnb0pn9ejvka0ke5esj9bbf3d','106.67.50.89',1534877150,X'5F5F63695F6C6173745F726567656E65726174657C693A313533343837373134383B'),
	('cbratnicqnbunudgbgmbfocpliub7gdq','45.56.153.74',1535495957,X'5F5F63695F6C6173745F726567656E65726174657C693A313533353439353935373B'),
	('ckoe60mvvgjp345frqk2buvs0mfq3gfr','31.216.105.241',1534876145,X'5F5F63695F6C6173745F726567656E65726174657C693A313533343837363134343B'),
	('cmqa5o6bsul9kt5ftjs15ubqh4s342c1','116.212.158.230',1534754018,X'5F5F63695F6C6173745F726567656E65726174657C693A313533343735343030333B'),
	('cnib10gja3256k7o9llmqcol8q9k0vn1','103.98.32.25',1535359314,X'5F5F63695F6C6173745F726567656E65726174657C693A313533353335393331343B'),
	('cnq2h0jiv9qpc6ugp9d0nmkmu3e7jm3h','103.98.32.25',1535112943,X'5F5F63695F6C6173745F726567656E65726174657C693A313533353131323934333B'),
	('coahgj445jujj99befstm9racav94jop','45.56.153.67',1535353926,X'5F5F63695F6C6173745F726567656E65726174657C693A313533353335333932353B'),
	('cr1a23p4t9ap4qe2us3b51bu5o8at5cn','45.125.192.211',1534709809,X'5F5F63695F6C6173745F726567656E65726174657C693A313533343730393830393B'),
	('d3k975fhsk1elctmi121clo4a7djko9u','45.56.153.218',1535511911,X'5F5F63695F6C6173745F726567656E65726174657C693A313533353531313931313B'),
	('d7c51gvhh6b2ideg1gshue9qb08retq0','45.125.192.211',1534733059,X'5F5F63695F6C6173745F726567656E65726174657C693A313533343733333035393B'),
	('d7rop1etmnaupgqnfqe7k0emc943ob72','64.64.108.142',1534734763,X'5F5F63695F6C6173745F726567656E65726174657C693A313533343733343736333B'),
	('d8go4mdnknvk3belvq7abhddiiqk0b7r','64.64.108.211',1535525503,X'5F5F63695F6C6173745F726567656E65726174657C693A313533353532353530333B'),
	('d9levvtauq0f8do420qk0fnvilh5v2ej','45.56.153.112',1535255095,X'5F5F63695F6C6173745F726567656E65726174657C693A313533353235353039353B'),
	('dc3ouh1kj2ssq6bio0dath9821l5oehd','45.56.153.195',1535013690,X'5F5F63695F6C6173745F726567656E65726174657C693A313533353031333639303B'),
	('de9gs7pd4ct1gpi6bc2unenmif4mqoek','64.64.108.111',1535634025,X'5F5F63695F6C6173745F726567656E65726174657C693A313533353633333835363B'),
	('dgf3fu1blaeqmeorhdo873a0katufpvs','45.56.153.122',1535345295,X'5F5F63695F6C6173745F726567656E65726174657C693A313533353334353239343B'),
	('di5escpca8rvkt9atn1mbis1dr9qq7rg','117.3.102.214',1534925042,X'5F5F63695F6C6173745F726567656E65726174657C693A313533343932353034323B'),
	('dot6m25jhnv6k78hl93s6a53srpuruen','103.98.32.25',1535364008,X'5F5F63695F6C6173745F726567656E65726174657C693A313533353336343030383B'),
	('e1lane5anik0rtbp4p82g6qcscu0aorn','45.56.153.186',1535024373,X'5F5F63695F6C6173745F726567656E65726174657C693A313533353032343337333B'),
	('e4hdmfrhs1sqkfnu0btcifca2i58lb70','64.64.108.211',1535510590,X'5F5F63695F6C6173745F726567656E65726174657C693A313533353531303539303B'),
	('e8ndouelqsjj7c0u0qu839gk3is7mlsf','45.125.192.211',1534705450,X'5F5F63695F6C6173745F726567656E65726174657C693A313533343730353435303B'),
	('e9u28dclpdrt5e60icu4omg36vqt0g83','117.3.102.214',1534955028,X'5F5F63695F6C6173745F726567656E65726174657C693A313533343935353032383B'),
	('earrpkct2496r89gigb1vb470j48ckr2','45.56.153.156',1534804985,X'5F5F63695F6C6173745F726567656E65726174657C693A313533343830343938353B'),
	('ebqj749sqats4op9je6g4slj0dr0f5i9','45.56.153.156',1534819799,X'5F5F63695F6C6173745F726567656E65726174657C693A313533343831393739393B'),
	('eefubk27utbe3jlc4njvs69l2ispbcsc','64.64.108.211',1535526812,X'5F5F63695F6C6173745F726567656E65726174657C693A313533353532363831323B'),
	('eet5ajd8qsqgu6qta41qshshjkntg32t','64.64.108.211',1535521378,X'5F5F63695F6C6173745F726567656E65726174657C693A313533353532313337383B'),
	('efkfdhgdqg884cbisjglf7ghdj4muruq','64.64.108.211',1535522204,X'5F5F63695F6C6173745F726567656E65726174657C693A313533353532323230343B'),
	('ejdarqdlbaudb6j8iqrctl42q02fgm6l','64.64.108.142',1534742151,X'5F5F63695F6C6173745F726567656E65726174657C693A313533343734323134313B'),
	('eokmcnsf3mcb0sjdl7mt24r5lm7hme2h','64.64.108.211',1535527790,X'5F5F63695F6C6173745F726567656E65726174657C693A313533353532373739303B'),
	('eu6n920fbmtud3s5g2ga3jraji4qnphr','64.64.108.100',1534710008,X'5F5F63695F6C6173745F726567656E65726174657C693A313533343731303030383B'),
	('f001bd1pti4osckh9sqan5cape7b4h1q','64.64.108.142',1534756677,X'5F5F63695F6C6173745F726567656E65726174657C693A313533343735363637333B'),
	('f05tflgolihg5dl8j04o4lmhka2nh9pc','45.56.153.218',1535509544,X'5F5F63695F6C6173745F726567656E65726174657C693A313533353530393534343B'),
	('f1o4dlh546r57p7v7i82b6m9rm3fuqqo','45.56.153.216',1535618357,X'5F5F63695F6C6173745F726567656E65726174657C693A313533353631383335373B'),
	('f3veeo3935qstjggc172c4hnm4uqbj1m','64.64.108.142',1534737170,X'5F5F63695F6C6173745F726567656E65726174657C693A313533343733373137303B'),
	('f72mk67bbnur2d8use5f183ea494hqik','64.64.108.211',1535511791,X'5F5F63695F6C6173745F726567656E65726174657C693A313533353531313739313B'),
	('fbeo2aev6i6c9lrmj1vod138bj3oe4g5','45.56.153.173',1535530842,X'5F5F63695F6C6173745F726567656E65726174657C693A313533353533303834323B'),
	('fecgo90ofea5seqm4n9ondd958rnou82','45.56.153.147',1535076236,X'5F5F63695F6C6173745F726567656E65726174657C693A313533353037363233343B'),
	('fjea7dfuinm2g2k8kmfi8v0optgv23h0','45.56.153.67',1535353927,X'5F5F63695F6C6173745F726567656E65726174657C693A313533353335333932353B'),
	('flbo9f4om4erjpm6vjh0vdhnb5rjc4vo','103.47.209.109',1534557935,X'5F5F63695F6C6173745F726567656E65726174657C693A313533343535373933353B'),
	('flfn6a5lr92dro4p1jgslm2bvq72itmt','64.64.108.211',1535508844,X'5F5F63695F6C6173745F726567656E65726174657C693A313533353530383834333B'),
	('flsghe0okiohtdrd8dbst5re2llr7l8g','45.56.153.220',1534860428,X'5F5F63695F6C6173745F726567656E65726174657C693A313533343836303432373B'),
	('foa6f16mlo27d1v9rng6l7k3u7cv9qc6','64.64.108.142',1534765771,X'5F5F63695F6C6173745F726567656E65726174657C693A313533343736353737313B'),
	('fq97jhde2b8a0n351qehregpgl0cv3s9','64.64.108.100',1534710546,X'5F5F63695F6C6173745F726567656E65726174657C693A313533343731303439353B'),
	('fqaae119dqbud78ipvf47ad1lpeg6ha7','45.56.153.216',1535586577,X'5F5F63695F6C6173745F726567656E65726174657C693A313533353538363537343B'),
	('frn8c3qvjimmeqli42uer600kanpqrht','212.50.96.83',1535489092,X'5F5F63695F6C6173745F726567656E65726174657C693A313533353438393039323B'),
	('g6km088o9ite73gtc74klplahghivbr8','45.56.153.156',1534816116,X'5F5F63695F6C6173745F726567656E65726174657C693A313533343831363131363B'),
	('gdlirtnbh8r3vn8ldcdh5n5pcac3v0q3','64.64.108.243',1534774121,X'5F5F63695F6C6173745F726567656E65726174657C693A313533343737343132313B'),
	('ge38il4im6h1j9860f2rhmdm0kipgmtq','45.125.192.211',1534730159,X'5F5F63695F6C6173745F726567656E65726174657C693A313533343733303135393B'),
	('ghcitbm539ca83r2eo6kusj3botpbrgv','64.64.108.142',1534736809,X'5F5F63695F6C6173745F726567656E65726174657C693A313533343733363830393B'),
	('ghjgeni9ocs58toedt7ulh1ijmfl19pv','45.56.153.173',1535542923,X'5F5F63695F6C6173745F726567656E65726174657C693A313533353534323932333B'),
	('gigi2cs98uoap708fe4u700crg7q9gv1','213.7.177.242',1535606679,X'5F5F63695F6C6173745F726567656E65726174657C693A313533353630363634313B'),
	('gkemhnf86qkpulrhpcrpspl5vibvthng','45.56.153.173',1535545514,X'5F5F63695F6C6173745F726567656E65726174657C693A313533353534353531343B'),
	('glcjbljns1t51not1bnrtqfrd32hnjsv','45.56.153.173',1535528949,X'5F5F63695F6C6173745F726567656E65726174657C693A313533353532383934393B'),
	('gld5m5727r8dgaeukeesnke3cjth3t1s','222.112.215.242',1534555082,X'5F5F63695F6C6173745F726567656E65726174657C693A313533343535343833383B'),
	('gm8e5t20vern5ff6vm9uv6b5o6o2kum7','62.228.182.205',1534972062,X'5F5F63695F6C6173745F726567656E65726174657C693A313533343937323036323B'),
	('gpj1kj1q1osvm6rfomofakkh30ns8e5t','64.64.108.211',1535527164,X'5F5F63695F6C6173745F726567656E65726174657C693A313533353532373136343B'),
	('gteol91vu85cs55p0mdstnu07i4a7gis','45.56.153.173',1535529295,X'5F5F63695F6C6173745F726567656E65726174657C693A313533353532393239353B'),
	('h3staqieshnu2m146e46vgcni3rfo5pp','213.207.135.10',1535578142,X'5F5F63695F6C6173745F726567656E65726174657C693A313533353537383134323B'),
	('h90pjgtgvn131d11ark6otlhq6p6a2hg','45.56.153.112',1535255400,X'5F5F63695F6C6173745F726567656E65726174657C693A313533353235353430303B'),
	('hdv5o2e3nbn6s14cthoansfjqj4rl4b5','139.208.41.181',1534650266,X'5F5F63695F6C6173745F726567656E65726174657C693A313533343635303236363B'),
	('hf583kc4um7svn5v48ut01uoa40f5370','45.125.192.211',1534648865,X'5F5F63695F6C6173745F726567656E65726174657C693A313533343634383836353B'),
	('hmiic8va6lieufqbq8ujua7bi1tegvn0','45.56.153.173',1535527104,X'5F5F63695F6C6173745F726567656E65726174657C693A313533353532373130343B'),
	('hs326a2ilj6sg5an0plne6tekd6b672r','45.56.153.220',1535109746,X'5F5F63695F6C6173745F726567656E65726174657C693A313533353130393734363B'),
	('htf07qc6i0ubhcn8887rpktv7uejqchg','45.56.153.216',1535586539,X'5F5F63695F6C6173745F726567656E65726174657C693A313533353538363533393B'),
	('hthk6jf6malt20igh1r39q1cfv3k281d','45.56.153.186',1535033951,X'5F5F63695F6C6173745F726567656E65726174657C693A313533353033333933363B'),
	('htoln42baht1tngeqvfo5tvl9q8lt43p','64.64.108.172',1534734256,X'5F5F63695F6C6173745F726567656E65726174657C693A313533343733343235363B'),
	('i32h45vok2n36ieuecng8lbvgsjdpv65','45.56.153.82',1534904838,X'5F5F63695F6C6173745F726567656E65726174657C693A313533343930343833373B'),
	('i5nfkgvaruj513p8vinnabbug5efkc5e','64.64.108.70',1535586224,X'5F5F63695F6C6173745F726567656E65726174657C693A313533353538363232343B'),
	('i651887bqp80lac009f4mmekmh6cpr0b','64.64.108.32',1534806677,X'5F5F63695F6C6173745F726567656E65726174657C693A313533343830363637373B'),
	('i90us0kk3u9omi7vnpkpcnmns3fk9p88','45.56.153.122',1535345296,X'5F5F63695F6C6173745F726567656E65726174657C693A313533353334353239343B'),
	('i9a9kg2rvgvrt27ibmmt215vmu4ldnvr','64.64.108.142',1534751688,X'5F5F63695F6C6173745F726567656E65726174657C693A313533343735313638383B'),
	('i9tl91gm7grp19omoe5bcrgnh1qertlc','212.50.96.83',1535491031,X'5F5F63695F6C6173745F726567656E65726174657C693A313533353439303933313B'),
	('ibjloaba167cenljic38kotui8bm9m55','45.125.192.211',1534736057,X'5F5F63695F6C6173745F726567656E65726174657C693A313533343733363035353B'),
	('ie2a3re1rr4uqu1c0lj0unc75pejvh49','45.56.153.80',1535254927,X'5F5F63695F6C6173745F726567656E65726174657C693A313533353235343932373B'),
	('ihkcud3922ui195t5nfmo3f8snslk57v','64.64.108.211',1535540619,X'5F5F63695F6C6173745F726567656E65726174657C693A313533353534303631393B'),
	('ij2v9o7988kl2787m72pn0antp637l1v','45.125.192.211',1534734403,X'5F5F63695F6C6173745F726567656E65726174657C693A313533343733343430333B'),
	('in0k207g99020veh9v29r857athh4r9a','45.56.153.156',1534767655,X'5F5F63695F6C6173745F726567656E65726174657C693A313533343736373635353B'),
	('io68j8mjiso9201v4efvgo01pb3toakd','45.56.153.156',1534807476,X'5F5F63695F6C6173745F726567656E65726174657C693A313533343830373437363B'),
	('iq4ek1rqg03jpuvfoan7gf0jb6cjvqrn','45.56.153.220',1534860429,X'5F5F63695F6C6173745F726567656E65726174657C693A313533343836303432383B'),
	('iurcimp2bugkgg9rihoolm02ubek4hrg','46.199.31.85',1534610051,X'5F5F63695F6C6173745F726567656E65726174657C693A313533343630393832303B'),
	('j9g27s3o1g0eu43t957nbgre3qh2odkj','45.56.153.186',1534927444,X'5F5F63695F6C6173745F726567656E65726174657C693A313533343932373434343B'),
	('j9l0ri12ke7ehgg2n8df67goributu0v','45.56.153.218',1535511911,X'5F5F63695F6C6173745F726567656E65726174657C693A313533353531313931313B'),
	('jhrbnd98ugjj6ukkmg9o9npdbud7fgo0','103.98.32.25',1535171582,X'5F5F63695F6C6173745F726567656E65726174657C693A313533353137313538323B'),
	('jj1ohdenlfue2b04tj1pvkgb52pmib4p','45.56.153.218',1535508039,X'5F5F63695F6C6173745F726567656E65726174657C693A313533353530383033393B'),
	('jk5f7gk9h5dtvk9i4d620oe0g9el0tbf','185.92.24.34',1535493568,X'5F5F63695F6C6173745F726567656E65726174657C693A313533353439333536383B'),
	('jkb0j6dc3usddfk0f85kqeq55a9n313l','103.47.209.109',1534558491,X'5F5F63695F6C6173745F726567656E65726174657C693A313533343535383439313B'),
	('jlj33cdhq7ualvs8iqkv91osa15bruj0','45.56.153.74',1535497072,X'5F5F63695F6C6173745F726567656E65726174657C693A313533353439373037323B'),
	('jm7do52mg79nub491kbdg8vlv7o3fi4f','117.3.102.214',1534927282,X'5F5F63695F6C6173745F726567656E65726174657C693A313533343932373238323B'),
	('jmejiklsri1h66qbhnbf0jekuvqfl0ho','45.56.153.67',1535376466,X'5F5F63695F6C6173745F726567656E65726174657C693A313533353337363436363B'),
	('jphreejd168rjtqpinb2mftk216h9ik7','45.56.153.156',1534806891,X'5F5F63695F6C6173745F726567656E65726174657C693A313533343830363839313B'),
	('jqetp03dpegc4r907ckpotcdggojd8h1','103.98.32.25',1535107261,X'5F5F63695F6C6173745F726567656E65726174657C693A313533353130373236313B'),
	('jr1n1itt20i50a9pmb16hnubbl57n7ar','103.98.32.25',1535364009,X'5F5F63695F6C6173745F726567656E65726174657C693A313533353336343030383B'),
	('jvi3eg0b468bagi6db0hrctrf5s1ojt5','45.56.153.186',1534924164,X'5F5F63695F6C6173745F726567656E65726174657C693A313533343932343136333B'),
	('k0qm2pi8d0bnje5posck1jtjv7ls3r26','64.64.108.170',1534923822,X'5F5F63695F6C6173745F726567656E65726174657C693A313533343932333832313B'),
	('k2d9pa5pghqoifq559jenms88vqhblte','45.56.153.173',1535545848,X'5F5F63695F6C6173745F726567656E65726174657C693A313533353534353834383B'),
	('k4rv8jiaq8v361e795nsgjitqpn2leed','64.64.108.142',1534762920,X'5F5F63695F6C6173745F726567656E65726174657C693A313533343736323932303B'),
	('k8oe31h2mb3kumi4dgkda3as865i1mr7','45.125.192.211',1534647829,X'5F5F63695F6C6173745F726567656E65726174657C693A313533343634373832393B'),
	('kao2n2e3qf3r4vp55a33lrm7ru4la7ca','64.64.108.140',1535541152,X'5F5F63695F6C6173745F726567656E65726174657C693A313533353534313135323B'),
	('kcu3tdlc1in6hesnqfktstdtm21fsqlt','212.50.96.83',1535483338,X'5F5F63695F6C6173745F726567656E65726174657C693A313533353438333333383B'),
	('keokvaqp9ai4egpo435h31kqpo5i2ls2','46.199.62.31',1535574585,X'5F5F63695F6C6173745F726567656E65726174657C693A313533353537343538353B'),
	('kfuhkkh87r20sqh5vth9k9dr1glaqn9r','45.56.153.211',1535457040,X'5F5F63695F6C6173745F726567656E65726174657C693A313533353435373033393B'),
	('kkpl5lra9t1iphhm69hq95k2lug63b1a','45.56.153.122',1535333462,X'5F5F63695F6C6173745F726567656E65726174657C693A313533353333333435343B'),
	('kndqht0qpo4vaatkillq6vjuoaenlhde','45.56.153.216',1535586029,X'5F5F63695F6C6173745F726567656E65726174657C693A313533353538363032393B'),
	('ksaqe50cbbo5d2n02k19oonkgu8g3qcr','45.56.153.186',1535014390,X'5F5F63695F6C6173745F726567656E65726174657C693A313533353031343339303B'),
	('l0ttrc9bmfjhpv72vs1qk0tut88t9nev','128.0.249.119',1535356942,X'5F5F63695F6C6173745F726567656E65726174657C693A313533353335363934323B'),
	('l2g3jn951ddiikru3lf9mp563ue8jell','45.56.153.67',1535412719,X'5F5F63695F6C6173745F726567656E65726174657C693A313533353431323731393B'),
	('l5q8al7fjf3rgimbspbmmf0b7c8sndm8','128.0.249.119',1535367166,X'5F5F63695F6C6173745F726567656E65726174657C693A313533353336373039323B'),
	('l7t244bkl2bi4imtlssf950iukog49u9','182.239.82.25',1535133455,X'5F5F63695F6C6173745F726567656E65726174657C693A313533353133333434363B'),
	('l89866n8gtbfbijjadufsm2949l5pr77','91.184.211.126',1535560870,X'5F5F63695F6C6173745F726567656E65726174657C693A313533353536303837303B'),
	('lbju51qqa9b08rpnvnfge19qd6k9qkoc','62.228.182.205',1534956871,X'5F5F63695F6C6173745F726567656E65726174657C693A313533343935363836353B'),
	('lfv1tc37g90eeeoor0o6sf019b130da6','64.64.108.211',1535534685,X'5F5F63695F6C6173745F726567656E65726174657C693A313533353533343638353B'),
	('lg7dam5se3vp40acusrtag7s8jkvk7ot','45.125.192.211',1534666960,X'5F5F63695F6C6173745F726567656E65726174657C693A313533343636363936303B'),
	('liednqebd623o1spui10i8n75fmso4pc','64.64.108.211',1535509456,X'5F5F63695F6C6173745F726567656E65726174657C693A313533353530393435363B'),
	('llffq5alq2cf3magr73a12f1iikqu8aq','45.56.153.216',1535586232,X'5F5F63695F6C6173745F726567656E65726174657C693A313533353538363233323B'),
	('ln1g03oef1qb6opj4uvbcj1t3pkd41n3','45.56.153.173',1535534820,X'5F5F63695F6C6173745F726567656E65726174657C693A313533353533343831393B'),
	('lo1aacp5vfvsks9ko0ivttip74m22f9n','69.163.33.181',1534908822,X'5F5F63695F6C6173745F726567656E65726174657C693A313533343930383830383B'),
	('lotu8jpl3h39ubp1uvisiloftd2ih58q','62.228.182.205',1535118555,X'5F5F63695F6C6173745F726567656E65726174657C693A313533353131383439373B'),
	('lp0q84k0ef4navutrdt5dk5eh1c6dtvt','128.0.249.119',1535383441,X'5F5F63695F6C6173745F726567656E65726174657C693A313533353338333431303B'),
	('lr3oubb96oamihq4lqn4v7mdnsp7u6po','45.56.153.98',1534757744,X'5F5F63695F6C6173745F726567656E65726174657C693A313533343735373734323B'),
	('lrf61plhse5i08gdmq7ngia85re2ghd5','64.64.108.243',1534766880,X'5F5F63695F6C6173745F726567656E65726174657C693A313533343736363838303B'),
	('lrgh2t0ke9edusmo02m8159ap44gjhbl','45.56.153.186',1535076275,X'5F5F63695F6C6173745F726567656E65726174657C693A313533353037363237353B'),
	('lv5cfbsciabtn86shnhrq4tb2r3nhbk3','45.56.153.87',1534561297,X'5F5F63695F6C6173745F726567656E65726174657C693A313533343536313239373B'),
	('m26eu73kqame79tg738ushd9rdr5gc9d','45.56.153.173',1535540861,X'5F5F63695F6C6173745F726567656E65726174657C693A313533353534303836303B'),
	('m2q58jicjve8v825egc40dmsit1h2c2s','64.64.108.211',1535512738,X'5F5F63695F6C6173745F726567656E65726174657C693A313533353531323733313B'),
	('m2vg11m27tvjpo9dj196lvneb8eno940','64.64.108.142',1535631735,X'5F5F63695F6C6173745F726567656E65726174657C693A313533353633313733353B'),
	('m3in7l472pdamio7qqqf5an1j6l3nifc','62.228.182.205',1535031287,X'5F5F63695F6C6173745F726567656E65726174657C693A313533353033313238373B'),
	('m660e8kb5l9suk3viftbmqrjnpsn46ft','64.64.108.142',1535632362,X'5F5F63695F6C6173745F726567656E65726174657C693A313533353633323332333B'),
	('m7u2416dlkcm67jdlufj20gjucps64va','45.56.153.80',1535255619,X'5F5F63695F6C6173745F726567656E65726174657C693A313533353235353631393B'),
	('m8j9bqjo7kfvrqpinqoqive45ncisp70','45.56.153.80',1535253146,X'5F5F63695F6C6173745F726567656E65726174657C693A313533353235333134363B'),
	('mb2offtikcgkm4lc1iquffuoo57tmd1q','45.125.192.211',1534688544,X'5F5F63695F6C6173745F726567656E65726174657C693A313533343638383534343B'),
	('mdu9oh0k7um0a8qc79fs2ikdjf0pod23','45.56.153.156',1534805610,X'5F5F63695F6C6173745F726567656E65726174657C693A313533343830353631303B'),
	('mgd4d7s5ge5morf9fk8nqu0407vduaap','45.56.153.173',1535531952,X'5F5F63695F6C6173745F726567656E65726174657C693A313533353533313935323B'),
	('mgq1vq16pqajh16ho0vur9p1c4bvoagh','45.56.153.216',1535616569,X'5F5F63695F6C6173745F726567656E65726174657C693A313533353631363536393B'),
	('mgqtj7maqi29q1srur332btqug07h7nf','45.56.153.80',1535252764,X'5F5F63695F6C6173745F726567656E65726174657C693A313533353235323736333B'),
	('mhaol4rat822jr320uj521sqbg30iaa2','45.56.153.80',1535255721,X'5F5F63695F6C6173745F726567656E65726174657C693A313533353235353631393B'),
	('mlnsf9eo0qcig4gobdr1876e2vtiq43s','64.64.108.32',1534799870,X'5F5F63695F6C6173745F726567656E65726174657C693A313533343739393837303B'),
	('mqr7hvkus6ffp9e4j7au1ov95rbih90b','45.56.153.74',1535496263,X'5F5F63695F6C6173745F726567656E65726174657C693A313533353439363236333B'),
	('mtg11h61c2v6138ujptk103vgpmlal7v','46.199.58.117',1534790311,X'5F5F63695F6C6173745F726567656E65726174657C693A313533343739303331313B'),
	('mu56slsrbhbr7o7o7jq7i9bsa9bh3fp7','45.56.153.186',1534928840,X'5F5F63695F6C6173745F726567656E65726174657C693A313533343932383834303B'),
	('n2mjgl0p36qa9cos8jt1sor96ufftii0','106.67.91.195',1534569688,X'5F5F63695F6C6173745F726567656E65726174657C693A313533343536393638363B'),
	('n49uk2tm92umaj9o1tm8uo4p4076apd5','45.56.153.87',1534563856,X'5F5F63695F6C6173745F726567656E65726174657C693A313533343536333832323B'),
	('n5m4aeaa1h02ouk1vsduthv68gcsrv35','45.56.153.87',1534556288,X'5F5F63695F6C6173745F726567656E65726174657C693A313533343535363238383B'),
	('n62947h9g0l4i2rq247fatc4r3tro3kt','45.56.153.87',1534560043,X'5F5F63695F6C6173745F726567656E65726174657C693A313533343536303034333B'),
	('n7rpfempvn0bn00desgg2kfmpefn12al','45.125.192.211',1534757742,X'5F5F63695F6C6173745F726567656E65726174657C693A313533343735373734323B'),
	('naja5mnrf2f51uie2rk56shvhb63ihjm','64.64.108.140',1535546659,X'5F5F63695F6C6173745F726567656E65726174657C693A313533353534363635383B'),
	('nbq5qde9e39mc0sq48uaeph2sq2on1ds','91.184.211.126',1535571516,X'5F5F63695F6C6173745F726567656E65726174657C693A313533353537313531363B'),
	('nfo242t3djcetp53o09s48nu5rlsijup','91.184.211.126',1535567044,X'5F5F63695F6C6173745F726567656E65726174657C693A313533353536373034343B'),
	('nhkpvk2lra1sssjtha9q71v01504ss4q','45.56.153.87',1534558559,X'5F5F63695F6C6173745F726567656E65726174657C693A313533343535383535393B'),
	('ni1q0b8n00u93o8lj62677tmoi50rkpl','213.207.135.1',1535578144,X'5F5F63695F6C6173745F726567656E65726174657C693A313533353537383134323B'),
	('njv72tsbbg8ehbej2fu6pi1vqi90dr3m','46.199.50.99',1534925271,X'5F5F63695F6C6173745F726567656E65726174657C693A313533343932353235373B'),
	('nkildpj03ckehgitgk7527ahgoksd1br','45.125.192.211',1534732607,X'5F5F63695F6C6173745F726567656E65726174657C693A313533343733323630373B'),
	('nlp5256knjrti05mg72ekoaubb8fmlaj','212.50.96.83',1535490931,X'5F5F63695F6C6173745F726567656E65726174657C693A313533353439303933313B'),
	('nmlubu65cf136bhg2nghbvls1oljn49h','45.56.153.183',1534930972,X'5F5F63695F6C6173745F726567656E65726174657C693A313533343933303937323B'),
	('nn2eiscsfl10h4jl90lu45a7s8u7bnd0','128.0.249.119',1535356641,X'5F5F63695F6C6173745F726567656E65726174657C693A313533353335363634313B'),
	('nqo0n02b8bk4f1qp8g23uk2lmr5k39tq','45.125.192.211',1534733652,X'5F5F63695F6C6173745F726567656E65726174657C693A313533343733333635323B'),
	('nqt2i2h1m6lgb9mk7rftto4u9dg3v9r6','103.47.209.109',1534561904,X'5F5F63695F6C6173745F726567656E65726174657C693A313533343536313839333B'),
	('nsa0vko65eb0afttim95tmddg9m2r7su','64.64.108.70',1535617390,X'5F5F63695F6C6173745F726567656E65726174657C693A313533353631373339303B'),
	('o0sgivp7hfq77qbo857rb7ruraff2h2a','64.64.108.32',1534805700,X'5F5F63695F6C6173745F726567656E65726174657C693A313533343830353730303B'),
	('o2scanv7tjqno5oned23gaqrg4cat1a3','64.64.108.243',1534774513,X'5F5F63695F6C6173745F726567656E65726174657C693A313533343737343531323B'),
	('o6664bkd9lklkgrapkbcd1fq6h2q5bg7','64.64.108.70',1535616155,X'5F5F63695F6C6173745F726567656E65726174657C693A313533353631363135353B'),
	('od54vdd8r2id89skfcleqd74u0i74d8k','64.64.108.142',1534754762,X'5F5F63695F6C6173745F726567656E65726174657C693A313533343735343736323B'),
	('ogjouqt95tfc6jljggm4lpfq9t09phms','42.111.31.42',1535605995,X'5F5F63695F6C6173745F726567656E65726174657C693A313533353630353939333B'),
	('ogp0jjt5fbedtejbtov6rpr8r739lfna','45.125.192.211',1534650614,X'5F5F63695F6C6173745F726567656E65726174657C693A313533343635303631343B'),
	('oinvvkjh7h1n1qdp7btoq0ohm42vi14o','64.64.108.211',1535525954,X'5F5F63695F6C6173745F726567656E65726174657C693A313533353532353935343B'),
	('oiou31hqoobbjmh8skdi4n2fseq8levn','45.125.192.211',1534650862,X'5F5F63695F6C6173745F726567656E65726174657C693A313533343635303631343B'),
	('ol7q8oal1uurt8vj4af2hrr9n7g6a0p7','45.56.153.173',1535528259,X'5F5F63695F6C6173745F726567656E65726174657C693A313533353532383235393B'),
	('ons1nnh60dkqi63chfqb17eosem24im2','62.228.182.205',1534969997,X'5F5F63695F6C6173745F726567656E65726174657C693A313533343936393939373B'),
	('osav7n0bvo4gu3gcp5jcl1ro0ulrokqo','45.56.153.67',1535332032,X'5F5F63695F6C6173745F726567656E65726174657C693A313533353333323033323B'),
	('ov26egeoe8ednshavf0o6ognb84sjm1m','64.64.108.140',1535545890,X'5F5F63695F6C6173745F726567656E65726174657C693A313533353534353839303B'),
	('p03muj1krcsp60tgbv0ob7u42j9vgev6','64.64.108.32',1534805149,X'5F5F63695F6C6173745F726567656E65726174657C693A313533343830353134393B'),
	('p57dl88mmokjgse9ovrijmij2pm756mp','46.199.31.85',1534658541,X'5F5F63695F6C6173745F726567656E65726174657C693A313533343635383534303B'),
	('p5b52jjh5gio9mu9ipv9il4ruram6u36','46.199.31.85',1534658540,X'5F5F63695F6C6173745F726567656E65726174657C693A313533343635383534303B'),
	('p5k636aisgq6t9do3fdu8tm83skqlbne','45.56.153.74',1535497095,X'5F5F63695F6C6173745F726567656E65726174657C693A313533353439373037323B'),
	('p6kjnc0qkemiepk70an03dek3pvl8nk1','64.64.108.170',1534918206,X'5F5F63695F6C6173745F726567656E65726174657C693A313533343931383230363B'),
	('p9j236hr44fc3sqcngp7988pc6bl1grc','45.56.153.156',1534803063,X'5F5F63695F6C6173745F726567656E65726174657C693A313533343830333036333B'),
	('pjmsl0c6sahpd5r52e8siukcqscppfie','45.125.192.211',1534735504,X'5F5F63695F6C6173745F726567656E65726174657C693A313533343733353530343B'),
	('plljfornd72k6j047in8tijsn9sf2bed','64.64.108.140',1535542887,X'5F5F63695F6C6173745F726567656E65726174657C693A313533353534323838373B'),
	('pm9ihq6lenn8d59vdbqbf8htji92eok8','45.56.153.216',1535585892,X'5F5F63695F6C6173745F726567656E65726174657C693A313533353538353839323B'),
	('ps1qrgadsepgo4qckdgdegtor6l2tjn3','91.184.211.126',1535565379,X'5F5F63695F6C6173745F726567656E65726174657C693A313533353536353337393B'),
	('pv4ppsk6e0994655etpk9jat46kkbn9f','64.64.108.100',1534707464,X'5F5F63695F6C6173745F726567656E65726174657C693A313533343730373436343B'),
	('pvr0snofvk1ditgp55ld49cn25tobvts','45.125.192.211',1534736055,X'5F5F63695F6C6173745F726567656E65726174657C693A313533343733363035353B'),
	('q28vf5r4j8h4jn0rgbgong9d5e3arbiq','64.64.108.172',1534728973,X'5F5F63695F6C6173745F726567656E65726174657C693A313533343732383937333B'),
	('q2mg0rgn88iiqkmatpamile6pto03mg2','64.64.108.100',1534708976,X'5F5F63695F6C6173745F726567656E65726174657C693A313533343730383937363B'),
	('q5d895j7n64gdm12nibb94u6jjmv8mco','213.207.135.41',1535359370,X'5F5F63695F6C6173745F726567656E65726174657C693A313533353335393337303B'),
	('q5jve9pu9lv2tl1sdg2fatkvkvqcedpq','45.56.153.216',1535579266,X'5F5F63695F6C6173745F726567656E65726174657C693A313533353537393236363B'),
	('qcjmvtoflb0vojbjkqbegit33bmbqm6u','128.0.249.119',1535356942,X'5F5F63695F6C6173745F726567656E65726174657C693A313533353335363934323B'),
	('qd1bmcbbg6bjuko75qj8nps26abgto20','103.98.32.25',1535462479,X'5F5F63695F6C6173745F726567656E65726174657C693A313533353436323437393B'),
	('qfjspdge1u18kki1dordt9nk2s0lj0s1','103.98.32.25',1535111930,X'5F5F63695F6C6173745F726567656E65726174657C693A313533353131313933303B'),
	('qhu47vu9nrtoipgth40e4r79dll1h9g7','46.199.62.31',1535573301,X'5F5F63695F6C6173745F726567656E65726174657C693A313533353537333330313B'),
	('qkisrjvsmlmrtsod5jvq7efhqqnvctgg','45.125.192.211',1534731310,X'5F5F63695F6C6173745F726567656E65726174657C693A313533343733313331303B'),
	('qm48t1m69hv63oivrdggvc8aaodse8sj','106.0.59.157',1535275027,X'5F5F63695F6C6173745F726567656E65726174657C693A313533353237353032373B'),
	('qmc9g7gj0stmgh5903vfbi8c66aem47q','45.56.153.173',1535532841,X'5F5F63695F6C6173745F726567656E65726174657C693A313533353533323834313B'),
	('qqimu48dersdj9r9irmhfr8s8mo5c7cg','45.56.153.67',1535411419,X'5F5F63695F6C6173745F726567656E65726174657C693A313533353431313431393B'),
	('qqtagiefeeqnqqa7b65ljli3lmrl59ti','45.125.192.211',1534667826,X'5F5F63695F6C6173745F726567656E65726174657C693A313533343636373832343B'),
	('qs4ng977qf6jsnknvbqkoqfoe5ic0l73','45.56.153.173',1535532347,X'5F5F63695F6C6173745F726567656E65726174657C693A313533353533323334373B'),
	('qtp84q5l3ql1h69lll2vjv6qkj3bpq9q','45.56.153.173',1535542490,X'5F5F63695F6C6173745F726567656E65726174657C693A313533353534323439303B'),
	('r11hmfqd92b291bema4pq5it95p5ijkq','45.56.153.216',1535585072,X'5F5F63695F6C6173745F726567656E65726174657C693A313533353538353037313B'),
	('r51o1qri3pg33j8vbu7ap46915pg64kj','45.56.153.74',1535504409,X'5F5F63695F6C6173745F726567656E65726174657C693A313533353530343430393B'),
	('rbhp84n6g65iv9rslf4eeke48suem01p','64.64.108.100',1534710495,X'5F5F63695F6C6173745F726567656E65726174657C693A313533343731303439353B'),
	('rcnjokii4bs9rtjf68sduj64pn5ejt36','45.125.192.211',1534735182,X'5F5F63695F6C6173745F726567656E65726174657C693A313533343733353138323B'),
	('re2jg3og3288514ctqbt1011aij6b80i','45.56.153.195',1535023294,X'5F5F63695F6C6173745F726567656E65726174657C693A313533353032333230353B'),
	('rkbmk2h1i8klssl56ra5upluhrtfnsk2','45.56.153.82',1534904837,X'5F5F63695F6C6173745F726567656E65726174657C693A313533343930343833373B'),
	('rm2pfnkv0ii90jhop2e0stk5t99uuodb','64.64.108.211',1535530660,X'5F5F63695F6C6173745F726567656E65726174657C693A313533353533303636303B'),
	('rm9cma4lb3jg5rttpbh510oie29chp88','45.125.192.211',1534729012,X'5F5F63695F6C6173745F726567656E65726174657C693A313533343732393031323B'),
	('rs68be2s1oebj4dl97a3tjeusa8o39to','45.56.153.216',1535617617,X'5F5F63695F6C6173745F726567656E65726174657C693A313533353631373631373B'),
	('rs93sm03t78b8ob5htbleh0emf24h61k','45.56.153.218',1535510076,X'5F5F63695F6C6173745F726567656E65726174657C693A313533353531303037363B'),
	('rugci5dk0kiamqmgsgjgp8urk1ml4ohc','45.56.153.67',1535412662,X'5F5F63695F6C6173745F726567656E65726174657C693A313533353431323539323B'),
	('rv4v96qsidgr9e648pe3bv8jniqvcc14','64.64.108.142',1535630466,X'5F5F63695F6C6173745F726567656E65726174657C693A313533353633303436363B'),
	('s0hrlds0kharbcr87072bmulc652dqgu','45.56.153.216',1535579764,X'5F5F63695F6C6173745F726567656E65726174657C693A313533353537393736343B'),
	('s167m6fl5nuqeat7f36g61iso38s4eh3','64.64.108.111',1535630525,X'5F5F63695F6C6173745F726567656E65726174657C693A313533353633303532353B'),
	('s1h7icifqm7uqvsthbbdhvu67pvn76p6','212.50.96.83',1535483035,X'5F5F63695F6C6173745F726567656E65726174657C693A313533353438333033353B'),
	('s8f71slj8ov69ippdet5qkp5mfocu3ie','45.125.192.211',1534726917,X'5F5F63695F6C6173745F726567656E65726174657C693A313533343732363931373B'),
	('s9ms73q4ujf2emveqt37lcmkigceaq14','64.64.108.142',1534756215,X'5F5F63695F6C6173745F726567656E65726174657C693A313533343735363230363B'),
	('sch4gcrjpv2rpiqjbrj1bi5oedkagk99','64.64.108.142',1535629585,X'5F5F63695F6C6173745F726567656E65726174657C693A313533353632393538343B'),
	('scvvrf0e0vmblji7am0elqhnfogoohla','64.64.108.142',1535631310,X'5F5F63695F6C6173745F726567656E65726174657C693A313533353633313330393B'),
	('seg37iqamvc78s549c2ounofnc8ob50a','45.56.153.173',1535541562,X'5F5F63695F6C6173745F726567656E65726174657C693A313533353534313536323B'),
	('sjfrfl0u64q8v99lboqvlubln3e9c9km','64.64.108.161',1535583792,X'5F5F63695F6C6173745F726567656E65726174657C693A313533353538333739323B'),
	('sops35as73apsqu2f181d4uogl9r5b19','45.56.153.95',1534645906,X'5F5F63695F6C6173745F726567656E65726174657C693A313533343634353930363B'),
	('sripig8db4951re44ms7ni3m003aa30i','45.56.153.67',1535335454,X'5F5F63695F6C6173745F726567656E65726174657C693A313533353333353435343B'),
	('st631o61p0pamtgjgr06bcgmgvcj6nkn','64.64.108.32',1534800929,X'5F5F63695F6C6173745F726567656E65726174657C693A313533343830303932393B'),
	('st84v0i2vmlibubsnckim6j0grhs355c','45.56.153.156',1534806530,X'5F5F63695F6C6173745F726567656E65726174657C693A313533343830363533303B'),
	('t3a26slq0qn94qpfc608vseb38tq1imh','45.56.153.218',1535511017,X'5F5F63695F6C6173745F726567656E65726174657C693A313533353531313031373B'),
	('t3c11kooi4a6h7a9iu4ec8nm3ou3b86d','42.109.196.18',1535543446,X'5F5F63695F6C6173745F726567656E65726174657C693A313533353534333333313B'),
	('t3mjro0r2n5ue68asgnk8pjn9vj9da7g','45.56.153.195',1535023205,X'5F5F63695F6C6173745F726567656E65726174657C693A313533353032333230353B'),
	('tang8ngm4ai5mn56mk2jpt1vpkv2cruk','45.56.153.147',1535076234,X'5F5F63695F6C6173745F726567656E65726174657C693A313533353037363233343B'),
	('te6p50t9pdtj5g5ncsu2h4ike3cqovkb','64.64.108.170',1534929963,X'5F5F63695F6C6173745F726567656E65726174657C693A313533343932393936333B'),
	('tetfbtf3tcoj5eea61u434388rns3uuq','45.56.153.186',1535024373,X'5F5F63695F6C6173745F726567656E65726174657C693A313533353032343337333B'),
	('tf0jv721nv5u94jg50c8n10jncnoi1bm','45.125.192.211',1534729651,X'5F5F63695F6C6173745F726567656E65726174657C693A313533343732393635313B'),
	('tfv6rqf0b4ao9aocjpo8o92ukvjg8hkp','45.56.153.156',1534813479,X'5F5F63695F6C6173745F726567656E65726174657C693A313533343831333437393B'),
	('th9pb23poqmep0d208tn5ecd9lh3su93','45.56.153.216',1535615745,X'5F5F63695F6C6173745F726567656E65726174657C693A313533353631353734353B'),
	('thjap3rs6o7s61a1auoukctgd7p1ivnd','93.109.175.50',1534752638,X'5F5F63695F6C6173745F726567656E65726174657C693A313533343735323430333B'),
	('tkvbqt4ffvl5vmbtccf4l6cegbmc37o0','45.56.153.156',1534807883,X'5F5F63695F6C6173745F726567656E65726174657C693A313533343830373838333B'),
	('tlj5i5s3igihv4jn89mil736o0uip7g0','139.208.41.181',1534688170,X'5F5F63695F6C6173745F726567656E65726174657C693A313533343638383137303B'),
	('tn7qlbo6f2vuu6vg1363rp4uqt7g9m33','182.239.82.25',1535133446,X'5F5F63695F6C6173745F726567656E65726174657C693A313533353133333434363B'),
	('tpptau4lojne1l1tb1r6sbel2lqtbmnb','45.56.153.67',1535340853,X'5F5F63695F6C6173745F726567656E65726174657C693A313533353334303835333B'),
	('tpqn7hpprvrgil1nd6215uk7h3qaa81d','103.47.209.109',1534561893,X'5F5F63695F6C6173745F726567656E65726174657C693A313533343536313839333B'),
	('tt2d31n9dt0cctvhn2gcj4f7c7pttdfg','45.56.153.67',1535412721,X'5F5F63695F6C6173745F726567656E65726174657C693A313533353431323731393B'),
	('u16ompbanttpoag86mdutaojamemti7p','64.64.108.70',1535584162,X'5F5F63695F6C6173745F726567656E65726174657C693A313533353538343136323B'),
	('u1qrjnhfgrak9rlnfn6ee6ckuv5bglp3','45.56.153.156',1534767657,X'5F5F63695F6C6173745F726567656E65726174657C693A313533343736373635353B'),
	('u3ehmvb1vfog47kuarf3bnhcbko36b29','93.109.175.50',1534766005,X'5F5F63695F6C6173745F726567656E65726174657C693A313533343736353936353B'),
	('u9jp8o2e5dtrtqlnsoqre5cmt20cpsfk','213.207.135.38',1535428524,X'5F5F63695F6C6173745F726567656E65726174657C693A313533353432383532343B'),
	('ug2in7kp7umjok0di3dg3ad6m93r8mna','93.109.175.50',1534765965,X'5F5F63695F6C6173745F726567656E65726174657C693A313533343736353936353B'),
	('uiprpm91k4irh0kpl1s5ij80dm71a07s','49.15.79.120',1535363965,X'5F5F63695F6C6173745F726567656E65726174657C693A313533353336333934303B'),
	('ulrsi6dgrevu4egejov1dhe6vmi859jb','45.56.153.156',1534801234,X'5F5F63695F6C6173745F726567656E65726174657C693A313533343830313233343B'),
	('urfu9rvtbunqb2u2dmke2816akivvgak','212.50.96.83',1535482370,X'5F5F63695F6C6173745F726567656E65726174657C693A313533353438323337303B'),
	('ut14s90ll4p0au1meacl68k0m4855t7a','45.56.153.74',1535506373,X'5F5F63695F6C6173745F726567656E65726174657C693A313533353530363337333B'),
	('v52rt17acff36b5tkg0bbuimh9t720k9','64.64.108.70',1535615824,X'5F5F63695F6C6173745F726567656E65726174657C693A313533353631353832343B'),
	('v657je8qus8len455c65j5t7jok6svui','45.56.153.95',1534646472,X'5F5F63695F6C6173745F726567656E65726174657C693A313533343634363437323B'),
	('v7nbg1oe5irpqioou12qimso31tgjlv3','103.98.32.25',1535108424,X'5F5F63695F6C6173745F726567656E65726174657C693A313533353130383432343B'),
	('v8qjk5c7opr4pm6mjos0ncv1o99to27e','64.64.108.142',1534752558,X'5F5F63695F6C6173745F726567656E65726174657C693A313533343735323535373B'),
	('vaptjb1ddeb32lumnvkguv7etj7tldr2','69.163.33.181',1534908808,X'5F5F63695F6C6173745F726567656E65726174657C693A313533343930383830383B'),
	('vkd4jt99psh49pss4rltef4gkh0qg8f6','45.56.153.80',1535267353,X'5F5F63695F6C6173745F726567656E65726174657C693A313533353236373333393B'),
	('vkkj6otsu0v1ljpjv4utvgf1vpudfjqu','64.64.108.70',1535616569,X'5F5F63695F6C6173745F726567656E65726174657C693A313533353631363536393B'),
	('vo29vo7helda9p7mo36j19ame5p5i7v4','45.56.153.186',1534930972,X'5F5F63695F6C6173745F726567656E65726174657C693A313533343933303937323B'),
	('votm79mfda76cabjl0f21goifsfq4qp9','45.56.153.190',1534688171,X'5F5F63695F6C6173745F726567656E65726174657C693A313533343638383137303B'),
	('vpo8utpcm6m3jaon73smkic68m98m0eb','31.153.103.164',1534774957,X'5F5F63695F6C6173745F726567656E65726174657C693A313533343737343935373B'),
	('vul8dqanfs662fn19eiea6q9qbbuqj57','45.56.153.80',1535267339,X'5F5F63695F6C6173745F726567656E65726174657C693A313533353236373333393B');

/*!40000 ALTER TABLE `ci_sessions` ENABLE KEYS */;
UNLOCK TABLES;


# Dump of table enum_accomplishment
# ------------------------------------------------------------

DROP TABLE IF EXISTS `enum_accomplishment`;

CREATE TABLE `enum_accomplishment` (
  `accomp_id` int(11) unsigned NOT NULL,
  `accomp_description` varchar(255) DEFAULT NULL,
  PRIMARY KEY (`accomp_id`)
) ENGINE=InnoDB DEFAULT CHARSET=utf8;

LOCK TABLES `enum_accomplishment` WRITE;
/*!40000 ALTER TABLE `enum_accomplishment` DISABLE KEYS */;

INSERT INTO `enum_accomplishment` (`accomp_id`, `accomp_description`)
VALUES
	(1,'Certificate'),
	(2,'Organization'),
	(4,'Project'),
	(8,'Language');

/*!40000 ALTER TABLE `enum_accomplishment` ENABLE KEYS */;
UNLOCK TABLES;


# Dump of table enum_comanysize
# ------------------------------------------------------------

DROP TABLE IF EXISTS `enum_comanysize`;

CREATE TABLE `enum_comanysize` (
  `size_id` int(11) unsigned NOT NULL,
  `size_description` varchar(255) DEFAULT NULL,
  PRIMARY KEY (`size_id`)
) ENGINE=InnoDB DEFAULT CHARSET=utf8;

LOCK TABLES `enum_comanysize` WRITE;
/*!40000 ALTER TABLE `enum_comanysize` DISABLE KEYS */;

INSERT INTO `enum_comanysize` (`size_id`, `size_description`)
VALUES
	(1,'1 to 9 Employees'),
	(2,'10 to 19 Employees'),
	(4,'20 to 49 Employees'),
	(8,'50 to 99 Employees'),
	(16,'100 to 499 Employees'),
	(32,'500 to 999 Employees'),
	(64,'1000 to 1499 Employees'),
	(128,'1500 to 1999 Employees'),
	(256,'2000 to 2499 Employees');

/*!40000 ALTER TABLE `enum_comanysize` ENABLE KEYS */;
UNLOCK TABLES;


# Dump of table enum_companyuser_type
# ------------------------------------------------------------

DROP TABLE IF EXISTS `enum_companyuser_type`;

CREATE TABLE `enum_companyuser_type` (
  `companyuser_type` int(11) unsigned NOT NULL AUTO_INCREMENT,
  `companyuser_role` varchar(255) DEFAULT '',
  PRIMARY KEY (`companyuser_type`)
) ENGINE=InnoDB DEFAULT CHARSET=utf8;

LOCK TABLES `enum_companyuser_type` WRITE;
/*!40000 ALTER TABLE `enum_companyuser_type` DISABLE KEYS */;

INSERT INTO `enum_companyuser_type` (`companyuser_type`, `companyuser_role`)
VALUES
	(1,'Deny such employ'),
	(2,'Verify employee'),
	(3,'Verify and give access rights'),
	(4,'Report');

/*!40000 ALTER TABLE `enum_companyuser_type` ENABLE KEYS */;
UNLOCK TABLES;


# Dump of table enum_educationdegree
# ------------------------------------------------------------

DROP TABLE IF EXISTS `enum_educationdegree`;

CREATE TABLE `enum_educationdegree` (
  `degree_id` int(11) unsigned NOT NULL,
  `degree_description` varchar(255) DEFAULT NULL,
  `degree_short_description` varchar(255) DEFAULT NULL,
  PRIMARY KEY (`degree_id`)
) ENGINE=InnoDB DEFAULT CHARSET=utf8;

LOCK TABLES `enum_educationdegree` WRITE;
/*!40000 ALTER TABLE `enum_educationdegree` DISABLE KEYS */;

INSERT INTO `enum_educationdegree` (`degree_id`, `degree_description`, `degree_short_description`)
VALUES
	(1,'Associate of Arts(A.A.)','A.A'),
	(2,'Bachelor of Arts(B.A.)','B.A.'),
	(4,'Bachelor of Fine Arts(BFA)','BFA'),
	(8,'Master of Arts(M.A.)','M.A.'),
	(16,'Master of Fine Arts(MFA)','MFA'),
	(32,'Associate of Science(A.S.)','A.S.'),
	(64,'Bachelor of Science(B.S.)','B.S.'),
	(128,'Master of Science(M.S.)','M.S.'),
	(256,'Associate of Applied Science(AAS)','AAS'),
	(512,'Bachelor of Applied Science(BAS)','BAS'),
	(1024,'Master of Business Administration(MBA)','MBA'),
	(2048,'Doctor of Philosophy(Ph.D.)','Ph.D.'),
	(4096,'Juris Doctor(J.D.)','J.D.'),
	(8192,'Doctor of Medicine(M.D.)','M.D.'),
	(16384,'Doctor of Dental Surgery(DDS)','DDS');

/*!40000 ALTER TABLE `enum_educationdegree` ENABLE KEYS */;
UNLOCK TABLES;


# Dump of table enum_employmenttype
# ------------------------------------------------------------

DROP TABLE IF EXISTS `enum_employmenttype`;

CREATE TABLE `enum_employmenttype` (
  `emptype_id` int(11) unsigned NOT NULL,
  `emptype_description` varchar(255) DEFAULT NULL,
  PRIMARY KEY (`emptype_id`)
) ENGINE=InnoDB DEFAULT CHARSET=utf8;

LOCK TABLES `enum_employmenttype` WRITE;
/*!40000 ALTER TABLE `enum_employmenttype` DISABLE KEYS */;

INSERT INTO `enum_employmenttype` (`emptype_id`, `emptype_description`)
VALUES
	(1,'Full Time'),
	(2,'Part Time');

/*!40000 ALTER TABLE `enum_employmenttype` ENABLE KEYS */;
UNLOCK TABLES;


# Dump of table enum_industry
# ------------------------------------------------------------

DROP TABLE IF EXISTS `enum_industry`;

CREATE TABLE `enum_industry` (
  `industry_id` int(11) unsigned NOT NULL,
  `industry_description` varchar(255) DEFAULT NULL,
  PRIMARY KEY (`industry_id`)
) ENGINE=InnoDB DEFAULT CHARSET=utf8;

LOCK TABLES `enum_industry` WRITE;
/*!40000 ALTER TABLE `enum_industry` DISABLE KEYS */;

INSERT INTO `enum_industry` (`industry_id`, `industry_description`)
VALUES
	(1,'Defense & Space'),
	(3,'Computer Hardware'),
	(4,'Computer Software'),
	(5,'Computer Networking'),
	(6,'Internet'),
	(7,'Semiconductors'),
	(8,'Telecommunications'),
	(9,'Law Practice'),
	(10,'Legal Services'),
	(11,'Management Consulting'),
	(12,'Biotechnology'),
	(13,'Medical Practice'),
	(14,'Hospital & Health Care'),
	(15,'Pharmaceuticals'),
	(16,'Veterinary'),
	(17,'Medical Devices'),
	(18,'Cosmetics'),
	(19,'Apparel & Fashion'),
	(20,'Sporting Goods'),
	(21,'Tobacco'),
	(22,'Supermarkets'),
	(23,'Food Production'),
	(24,'Consumer Electronics'),
	(25,'Consumer Goods'),
	(26,'Furniture'),
	(27,'Retail'),
	(28,'Entertainment'),
	(29,'Gambling & Casinos'),
	(30,'Leisure, Travel & Tourism'),
	(31,'Hospitality'),
	(32,'Restaurants'),
	(33,'Sports'),
	(34,'Food & Beverages'),
	(35,'Motion Pictures and Film'),
	(36,'Broadcast Media'),
	(37,'Museums and Institutions'),
	(38,'Fine Art'),
	(39,'Performing Arts'),
	(40,'Recreational Facilities and Services'),
	(41,'Banking'),
	(42,'Insurance'),
	(43,'Financial Services'),
	(44,'Real Estate'),
	(45,'Investment Banking'),
	(46,'Investment Management'),
	(47,'Accounting'),
	(48,'Construction'),
	(49,'Building Materials'),
	(50,'Architecture & Planning'),
	(51,'Civil Engineering'),
	(52,'Aviation & Aerospace'),
	(53,'Automotive'),
	(54,'Chemicals'),
	(55,'Machinery'),
	(56,'Mining & Metals'),
	(57,'Oil & Energy'),
	(58,'Shipbuilding'),
	(59,'Utilities'),
	(60,'Textiles'),
	(61,'Paper & Forest Products'),
	(62,'Railroad Manufacture'),
	(63,'Farming'),
	(64,'Ranching'),
	(65,'Dairy'),
	(66,'Fishery'),
	(67,'Primary/Secondary Education'),
	(68,'Higher Education'),
	(69,'Education Management'),
	(70,'Research'),
	(71,'Military'),
	(72,'Legislative Office'),
	(73,'Judiciary'),
	(74,'International Affairs'),
	(75,'Government Administration'),
	(76,'Executive Office'),
	(77,'Law Enforcement'),
	(78,'Public Safety'),
	(79,'Public Policy'),
	(80,'Marketing and Advertising'),
	(81,'Newspapers'),
	(82,'Publishing'),
	(83,'Printing'),
	(84,'Information Services'),
	(85,'Libraries'),
	(86,'Environmental Services'),
	(87,'Package/Freight Delivery'),
	(88,'Individual & Family Services'),
	(89,'Religious Institutions'),
	(90,'Civic & Social Organization'),
	(91,'Consumer Services'),
	(92,'Transportation/Trucking/Railroad'),
	(93,'Warehousing'),
	(94,'Airlines/Aviation'),
	(95,'Maritime'),
	(96,'Information Technology and Services'),
	(97,'Market Research'),
	(98,'Public Relations and Communications'),
	(99,'Design'),
	(100,'Non-Profit Organization Management'),
	(101,'Fund-Raising'),
	(102,'Program Development'),
	(103,'Writing and Editing'),
	(104,'Staffing and Recruiting'),
	(105,'Professional Training & Coaching'),
	(106,'Venture Capital & Private Equity'),
	(107,'Political Organization'),
	(108,'Translation and Localization'),
	(109,'Computer Games'),
	(110,'Events Services'),
	(111,'Arts and Crafts'),
	(112,'Electrical/Electronic Manufacturing'),
	(113,'Online Media'),
	(114,'Nanotechnology'),
	(115,'Music'),
	(116,'Logistics and Supply Chain'),
	(117,'Plastics'),
	(118,'Computer & Network Security'),
	(119,'Wireless'),
	(120,'Alternative Dispute Resolution'),
	(121,'Security and Investigations'),
	(122,'Facilities Services'),
	(123,'Outsourcing/Offshoring'),
	(124,'Health, Wellness and Fitness'),
	(125,'Alternative Medicine'),
	(126,'Media Production'),
	(127,'Animation'),
	(128,'Commercial Real Estate'),
	(129,'Capital Markets'),
	(130,'Think Tanks'),
	(131,'Philanthropy'),
	(132,'E-Learning'),
	(133,'Wholesale'),
	(134,'Import and Export'),
	(135,'Mechanical or Industrial Engineering'),
	(136,'Photography'),
	(137,'Human Resources'),
	(138,'Business Supplies and Equipment'),
	(139,'Mental Health Care'),
	(140,'Graphic Design'),
	(141,'International Trade and Development'),
	(142,'Wine and Spirits'),
	(143,'Luxury Goods & Jewelry'),
	(144,'Renewables & Environment'),
	(145,'Glass, Ceramics & Concrete'),
	(146,'Packaging and Containers'),
	(147,'Industrial Automation'),
	(148,'Government Relations');

/*!40000 ALTER TABLE `enum_industry` ENABLE KEYS */;
UNLOCK TABLES;


# Dump of table enum_job_company_seeker_action
# ------------------------------------------------------------

DROP TABLE IF EXISTS `enum_job_company_seeker_action`;

CREATE TABLE `enum_job_company_seeker_action` (
  `action_id` int(11) unsigned NOT NULL,
  `action_name` varchar(255) DEFAULT NULL,
  PRIMARY KEY (`action_id`)
) ENGINE=InnoDB DEFAULT CHARSET=utf8;

LOCK TABLES `enum_job_company_seeker_action` WRITE;
/*!40000 ALTER TABLE `enum_job_company_seeker_action` DISABLE KEYS */;

INSERT INTO `enum_job_company_seeker_action` (`action_id`, `action_name`)
VALUES
	(1,'ignored'),
	(2,'saved'),
	(3,'shortlisted'),
	(4,'reached'),
	(5,'deleted');

/*!40000 ALTER TABLE `enum_job_company_seeker_action` ENABLE KEYS */;
UNLOCK TABLES;


# Dump of table enum_job_seeker_action
# ------------------------------------------------------------

DROP TABLE IF EXISTS `enum_job_seeker_action`;

CREATE TABLE `enum_job_seeker_action` (
  `action_id` int(11) unsigned NOT NULL,
  `action_name` varchar(255) DEFAULT NULL,
  PRIMARY KEY (`action_id`)
) ENGINE=InnoDB DEFAULT CHARSET=utf8;

LOCK TABLES `enum_job_seeker_action` WRITE;
/*!40000 ALTER TABLE `enum_job_seeker_action` DISABLE KEYS */;

INSERT INTO `enum_job_seeker_action` (`action_id`, `action_name`)
VALUES
	(1,'saved'),
	(2,'applied'),
	(3,'ignored'),
	(4,'reached');

/*!40000 ALTER TABLE `enum_job_seeker_action` ENABLE KEYS */;
UNLOCK TABLES;


# Dump of table enum_proficiency
# ------------------------------------------------------------

DROP TABLE IF EXISTS `enum_proficiency`;

CREATE TABLE `enum_proficiency` (
  `proficiency_id` int(11) unsigned NOT NULL,
  `proficiency_description` varchar(255) DEFAULT NULL,
  PRIMARY KEY (`proficiency_id`)
) ENGINE=InnoDB DEFAULT CHARSET=utf8;

LOCK TABLES `enum_proficiency` WRITE;
/*!40000 ALTER TABLE `enum_proficiency` DISABLE KEYS */;

INSERT INTO `enum_proficiency` (`proficiency_id`, `proficiency_description`)
VALUES
	(1,'Elementary'),
	(2,'Limited Working'),
	(4,'Professional Working'),
	(8,'Full Professional'),
	(16,'Native or Bilingual');

/*!40000 ALTER TABLE `enum_proficiency` ENABLE KEYS */;
UNLOCK TABLES;


# Dump of table enum_senioritylevel
# ------------------------------------------------------------

DROP TABLE IF EXISTS `enum_senioritylevel`;

CREATE TABLE `enum_senioritylevel` (
  `seniority_id` int(11) unsigned NOT NULL,
  `seniority_description` varchar(255) DEFAULT NULL,
  PRIMARY KEY (`seniority_id`)
) ENGINE=InnoDB DEFAULT CHARSET=utf8;

LOCK TABLES `enum_senioritylevel` WRITE;
/*!40000 ALTER TABLE `enum_senioritylevel` DISABLE KEYS */;

INSERT INTO `enum_senioritylevel` (`seniority_id`, `seniority_description`)
VALUES
	(1,'A - Entry Level'),
	(2,'B - Associate'),
	(4,'C - Mid-Senior Level'),
	(8,'D - Director'),
	(16,'E - Executive');

/*!40000 ALTER TABLE `enum_senioritylevel` ENABLE KEYS */;
UNLOCK TABLES;


# Dump of table enum_stages
# ------------------------------------------------------------

DROP TABLE IF EXISTS `enum_stages`;

CREATE TABLE `enum_stages` (
  `stage_id` int(11) unsigned NOT NULL,
  `stage_description` varchar(255) DEFAULT NULL,
  PRIMARY KEY (`stage_id`)
) ENGINE=InnoDB DEFAULT CHARSET=utf8;

LOCK TABLES `enum_stages` WRITE;
/*!40000 ALTER TABLE `enum_stages` DISABLE KEYS */;

INSERT INTO `enum_stages` (`stage_id`, `stage_description`)
VALUES
	(1,'Phone Interview'),
	(2,'On-Site Interview'),
	(3,'On-Site Presentation'),
	(4,'Assignment'),
	(5,'Case Interview');

/*!40000 ALTER TABLE `enum_stages` ENABLE KEYS */;
UNLOCK TABLES;


# Dump of table jobs_view
# ------------------------------------------------------------

DROP VIEW IF EXISTS `jobs_view`;

CREATE TABLE `jobs_view` (
   `job_id` BIGINT(11) UNSIGNED NOT NULL DEFAULT '0',
   `job_companyuser` BIGINT(20) NULL DEFAULT NULL,
   `job_location` VARCHAR(255) NULL DEFAULT NULL,
   `job_title` VARCHAR(255) NULL DEFAULT NULL,
   `job_level` INT(11) NULL DEFAULT NULL,
   `job_skills` VARCHAR(255) NULL DEFAULT NULL,
   `job_employmenttype` TINYINT(4) NULL DEFAULT NULL,
   `job_yearsofexperience` INT(11) NULL DEFAULT NULL,
   `job_stages` BIGINT(11) NULL DEFAULT NULL,
   `job_description` VARCHAR(512) NULL DEFAULT NULL,
   `job_createdat` BIGINT(20) NULL DEFAULT NULL,
   `companyuser_id` BIGINT(20) UNSIGNED NOT NULL DEFAULT '0',
   `companyuser_company` INT(11) NULL DEFAULT NULL,
   `companyuser_personalposition` VARCHAR(255) NULL DEFAULT NULL,
   `companyuser_email` VARCHAR(255) NULL DEFAULT NULL,
   `companyuser_phonenumber` VARCHAR(20) NULL DEFAULT NULL,
   `companyuser_mobilenumber` VARCHAR(20) NULL DEFAULT NULL,
   `companyuser_address1` VARCHAR(255) NULL DEFAULT NULL,
   `companyuser_address2` VARCHAR(255) NULL DEFAULT NULL,
   `companyuser_city` VARCHAR(255) NULL DEFAULT NULL,
   `companyuser_createdat` BIGINT(20) NULL DEFAULT NULL,
   `companyuser_verified` TINYINT(1) NULL DEFAULT NULL,
   `fcmtoken` VARCHAR(255) NULL DEFAULT NULL,
   `companyuser_image` VARCHAR(255) NULL DEFAULT NULL,
   `companyuser_facebookid` VARCHAR(255) NULL DEFAULT NULL,
   `companyuser_linkedinid` VARCHAR(255) NULL DEFAULT NULL,
   `companyuser_googleid` VARCHAR(255) NULL DEFAULT NULL,
   `PasswordHash` VARCHAR(255) NULL DEFAULT NULL,
   `Iterations` VARCHAR(255) NULL DEFAULT NULL,
   `Salt` VARCHAR(255) NULL DEFAULT NULL,
   `preferredindustry` INT(11) NULL DEFAULT NULL,
   `preferredjobfields` VARCHAR(255) NULL DEFAULT NULL,
   `preferredlocation` VARCHAR(255) NULL DEFAULT NULL,
   `timezone` VARCHAR(255) NULL DEFAULT NULL,
   `language` VARCHAR(20) NULL DEFAULT NULL,
   `company_id` INT(11) UNSIGNED NOT NULL DEFAULT '0',
   `company_size` INT(11) NULL DEFAULT NULL,
   `company_name` VARCHAR(255) NULL DEFAULT NULL,
   `company_email` VARCHAR(255) NULL DEFAULT NULL,
   `company_address1` VARCHAR(255) NULL DEFAULT NULL,
   `company_address2` VARCHAR(255) NULL DEFAULT NULL,
   `company_city` VARCHAR(255) NULL DEFAULT NULL,
   `Banned` TINYINT(1) NULL DEFAULT NULL,
   `company_logo` VARCHAR(255) NULL DEFAULT NULL,
   `company_profileviews` INT(11) NOT NULL DEFAULT '0',
   `company_recommendations` INT(11) NOT NULL DEFAULT '0',
   `company_aboutus` TEXT NULL DEFAULT NULL,
   `company_website` VARCHAR(255) NULL DEFAULT NULL,
   `company_yearfound` VARCHAR(4) NULL DEFAULT NULL,
   `company_industry` INT(11) NULL DEFAULT NULL,
   `company_createdat` BIGINT(20) NULL DEFAULT NULL
) ENGINE=MyISAM;



# Dump of table pref_sharelink
# ------------------------------------------------------------

DROP TABLE IF EXISTS `pref_sharelink`;

CREATE TABLE `pref_sharelink` (
  `sharelink` varchar(255) NOT NULL DEFAULT '',
  PRIMARY KEY (`sharelink`)
) ENGINE=InnoDB DEFAULT CHARSET=utf8;

LOCK TABLES `pref_sharelink` WRITE;
/*!40000 ALTER TABLE `pref_sharelink` DISABLE KEYS */;

INSERT INTO `pref_sharelink` (`sharelink`)
VALUES
	('http://sharedlink');

/*!40000 ALTER TABLE `pref_sharelink` ENABLE KEYS */;
UNLOCK TABLES;


# Dump of table pref_version
# ------------------------------------------------------------

DROP TABLE IF EXISTS `pref_version`;

CREATE TABLE `pref_version` (
  `id` int(10) unsigned NOT NULL AUTO_INCREMENT,
  `ios_version` varchar(10) NOT NULL DEFAULT '',
  `android_version` varchar(10) NOT NULL DEFAULT '',
  PRIMARY KEY (`id`)
) ENGINE=InnoDB DEFAULT CHARSET=utf8;

LOCK TABLES `pref_version` WRITE;
/*!40000 ALTER TABLE `pref_version` DISABLE KEYS */;

INSERT INTO `pref_version` (`id`, `ios_version`, `android_version`)
VALUES
	(1,'1.0','1.0');

/*!40000 ALTER TABLE `pref_version` ENABLE KEYS */;
UNLOCK TABLES;


# Dump of table tbl_chat
# ------------------------------------------------------------

DROP TABLE IF EXISTS `tbl_chat`;

CREATE TABLE `tbl_chat` (
  `chat_id` bigint(11) unsigned NOT NULL AUTO_INCREMENT,
  `chat_job` bigint(20) DEFAULT NULL,
  `chat_seeker` bigint(20) DEFAULT NULL,
  `seeker_like` tinyint(1) DEFAULT NULL,
  `companyuser_like` tinyint(1) DEFAULT NULL,
  `chat_room` varchar(255) DEFAULT NULL,
  `chat_createdat` bigint(20) DEFAULT NULL,
  `stageNumber` int(11) NOT NULL DEFAULT '0',
  PRIMARY KEY (`chat_id`)
) ENGINE=InnoDB DEFAULT CHARSET=utf8;

LOCK TABLES `tbl_chat` WRITE;
/*!40000 ALTER TABLE `tbl_chat` DISABLE KEYS */;

INSERT INTO `tbl_chat` (`chat_id`, `chat_job`, `chat_seeker`, `seeker_like`, `companyuser_like`, `chat_room`, `chat_createdat`, `stageNumber`)
VALUES
	(2,4,5,NULL,NULL,'j4_s5',NULL,0),
	(3,4,1,NULL,NULL,'j4_s1',NULL,0),
	(6,3,4,NULL,NULL,'j3_s4',1533264357,1),
	(7,1,1,NULL,NULL,'j1_s1',1533265875,0),
	(10,5,5,NULL,NULL,'j5_s5',1533572135,0),
	(11,6,1,NULL,NULL,'j6_s1',1533575068,0),
	(12,4,8,NULL,NULL,'j4_s8',1533752038,0),
	(13,5,8,NULL,NULL,'j5_s8',1533752109,0),
	(14,4,6,NULL,NULL,'j4_s6',1533753738,0),
	(15,6,5,NULL,NULL,'j6_s5',1533753940,0),
	(16,11,8,NULL,NULL,'j11_s8',1534238996,0),
	(17,5,9,NULL,NULL,'j5_s9',1534258886,0),
	(18,10,9,NULL,NULL,'j10_s9',1534305018,0),
	(24,12,9,NULL,NULL,'j12_s9',1534729739,2),
	(25,3,9,NULL,NULL,'j3_s9',1534735581,3),
	(26,13,10,NULL,NULL,'j13_s10',1535112993,0),
	(27,12,1,NULL,NULL,'j12_s1',1535279751,0),
	(28,33,4,NULL,NULL,'j33_s4',1535490698,0),
	(29,7,5,NULL,NULL,'j7_s5',1535490754,0);

/*!40000 ALTER TABLE `tbl_chat` ENABLE KEYS */;
UNLOCK TABLES;


# Dump of table tbl_company
# ------------------------------------------------------------

DROP TABLE IF EXISTS `tbl_company`;

CREATE TABLE `tbl_company` (
  `company_id` int(11) unsigned NOT NULL AUTO_INCREMENT,
  `company_size` int(11) DEFAULT NULL,
  `company_name` varchar(255) DEFAULT NULL,
  `company_email` varchar(255) DEFAULT NULL,
  `company_address1` varchar(255) DEFAULT NULL,
  `company_address2` varchar(255) DEFAULT NULL,
  `company_city` varchar(255) DEFAULT NULL,
  `Banned` tinyint(1) DEFAULT NULL,
  `company_logo` varchar(255) DEFAULT NULL,
  `company_profileviews` int(11) NOT NULL DEFAULT '0',
  `company_recommendations` int(11) NOT NULL DEFAULT '0',
  `company_aboutus` text,
  `company_website` varchar(255) DEFAULT NULL,
  `company_yearfound` varchar(4) DEFAULT NULL,
  `company_industry` int(11) DEFAULT NULL,
  `company_createdat` bigint(20) DEFAULT NULL,
  PRIMARY KEY (`company_id`)
) ENGINE=InnoDB DEFAULT CHARSET=utf8;

LOCK TABLES `tbl_company` WRITE;
/*!40000 ALTER TABLE `tbl_company` DISABLE KEYS */;

INSERT INTO `tbl_company` (`company_id`, `company_size`, `company_name`, `company_email`, `company_address1`, `company_address2`, `company_city`, `Banned`, `company_logo`, `company_profileviews`, `company_recommendations`, `company_aboutus`, `company_website`, `company_yearfound`, `company_industry`, `company_createdat`)
VALUES
	(1,2,'Taixing Software','bigshark0522@gmail.com','235, High Tech and Science Development Zone','Yanji, Jilin, China','Yanji',NULL,'http://18.218.241.173/be-reached/uploadfiles/company/image_test_1532508558.jpg',3,1,'We have been working as a recruiter for developing mobile apps.','www.be-reached.com','2017',4,NULL),
	(3,2,'Google','google@google.com','engkomi','','nicosia',NULL,'',2,0,'','','',127,NULL),
	(4,2,'marios','ms@google.com','1','2','nicosia',NULL,'',0,0,'','','',90,1533540180),
	(5,2,'Test Company1','bigshark0522@yahoo.com','235 East Street','Yanji, Jilin, China','Yanji',NULL,NULL,0,0,NULL,NULL,NULL,54,1533547291),
	(6,2,'second cup','second@google.com','ba','ba','nicosia',NULL,'',0,0,'','','',65,1533756165),
	(7,1,'eVenturers','leorajasekaran@eVenturers.com','yes','ecr main road','pondy',NULL,'',0,0,'','','',4,1533969976),
	(8,2,'tech park','techpark@yopmail.com','new address 1','','pune',NULL,'',0,0,'','','',120,1535359550);

/*!40000 ALTER TABLE `tbl_company` ENABLE KEYS */;
UNLOCK TABLES;


# Dump of table tbl_company_recommended
# ------------------------------------------------------------

DROP TABLE IF EXISTS `tbl_company_recommended`;

CREATE TABLE `tbl_company_recommended` (
  `id` bigint(11) unsigned NOT NULL AUTO_INCREMENT,
  `company_id` bigint(20) DEFAULT NULL,
  `seeker_id` bigint(20) DEFAULT NULL,
  `isRecommended` tinyint(1) NOT NULL DEFAULT '1',
  PRIMARY KEY (`id`)
) ENGINE=InnoDB DEFAULT CHARSET=utf8;

LOCK TABLES `tbl_company_recommended` WRITE;
/*!40000 ALTER TABLE `tbl_company_recommended` DISABLE KEYS */;

INSERT INTO `tbl_company_recommended` (`id`, `company_id`, `seeker_id`, `isRecommended`)
VALUES
	(1,1,1,1);

/*!40000 ALTER TABLE `tbl_company_recommended` ENABLE KEYS */;
UNLOCK TABLES;


# Dump of table tbl_company_user
# ------------------------------------------------------------

DROP TABLE IF EXISTS `tbl_company_user`;

CREATE TABLE `tbl_company_user` (
  `companyuser_id` bigint(20) unsigned NOT NULL AUTO_INCREMENT,
  `companyuser_company` int(11) DEFAULT NULL,
  `companyuser_personalposition` varchar(255) DEFAULT NULL,
  `companyuser_email` varchar(255) DEFAULT NULL,
  `companyuser_phonenumber` varchar(20) DEFAULT NULL,
  `companyuser_mobilenumber` varchar(20) DEFAULT NULL,
  `companyuser_address1` varchar(255) DEFAULT NULL,
  `companyuser_address2` varchar(255) DEFAULT NULL,
  `companyuser_city` varchar(255) DEFAULT NULL,
  `companyuser_createdat` bigint(20) DEFAULT NULL,
  `companyuser_verified` tinyint(1) DEFAULT NULL COMMENT '0: pending, 1: block, 2: verified. 3: verified and give access, 4: report',
  `fcmtoken` varchar(255) DEFAULT NULL,
  `companyuser_image` varchar(255) DEFAULT NULL,
  `companyuser_facebookid` varchar(255) DEFAULT NULL,
  `companyuser_linkedinid` varchar(255) DEFAULT NULL,
  `companyuser_googleid` varchar(255) DEFAULT NULL,
  `PasswordHash` varchar(255) DEFAULT NULL,
  `Iterations` varchar(255) DEFAULT NULL,
  `Salt` varchar(255) DEFAULT NULL,
  `preferredindustry` int(11) DEFAULT NULL,
  `preferredjobfields` varchar(255) DEFAULT NULL,
  `preferredlocation` varchar(255) DEFAULT NULL,
  `timezone` varchar(255) DEFAULT NULL,
  `language` varchar(20) DEFAULT NULL,
  PRIMARY KEY (`companyuser_id`)
) ENGINE=InnoDB DEFAULT CHARSET=utf8;

LOCK TABLES `tbl_company_user` WRITE;
/*!40000 ALTER TABLE `tbl_company_user` DISABLE KEYS */;

INSERT INTO `tbl_company_user` (`companyuser_id`, `companyuser_company`, `companyuser_personalposition`, `companyuser_email`, `companyuser_phonenumber`, `companyuser_mobilenumber`, `companyuser_address1`, `companyuser_address2`, `companyuser_city`, `companyuser_createdat`, `companyuser_verified`, `fcmtoken`, `companyuser_image`, `companyuser_facebookid`, `companyuser_linkedinid`, `companyuser_googleid`, `PasswordHash`, `Iterations`, `Salt`, `preferredindustry`, `preferredjobfields`, `preferredlocation`, `timezone`, `language`)
VALUES
	(1,1,'CEO','bigshark0522@gmail.com','86155846401','86154574878','235, High Tech and Science Development Zone','Yanji, Jilin, China','Yanji',1532444758,3,'f88HULmbg_A:APA91bF5uQq_QoCLRUExsbPAVZCJxpF_LACNnPECGXFpFVvaJTidaI9T3uwtHok7MKuvpOuUMS0zm6O-SPJMEfKqIZR-HPPzr1A9KUimtLCDzKmTnncGYTxPrOruDeVJ4KHjw5DExTf-','http://18.218.241.173/be-reached/uploadfiles/company/image_test_1532508558.jpg',NULL,NULL,NULL,'bf165feccdac54b03f5ba98b1bc8622c3339aefbfb546eade73d2bb0bfaae2af','3265','_J,cHS>cGsUIds#hoo]2A0!d1Jwv><Qg',4,'','Cyprus','Asia/Shanghai',NULL),
	(2,1,'1 part manager','bigshark0522@hotmail.com','25428668','458256865','235, High Tech and Science Development Zone','Yanji, Jilin, China','Yanji',1532507472,2,'','http://18.218.241.173/be-reached/uploadfiles/company/image_test_1532508422.jpg',NULL,NULL,NULL,'2406d6e6fd37e8a9c5add5a852b388a4b0bc86823115367effc39cf734c7bb3b','6756','*E;*KLmZF1aZCHYZd(I^0}9G}TlzAJm3',0,'','Cyprus',NULL,NULL),
	(3,3,'HR manager','google@google.com','99326623','99256365','engkomi','','nicosia',1532855512,NULL,'dzvAIj4izFo:APA91bFalIH-9ispiHg53aT3YsBQirD066SZulCzp-D8dQBvbkg3ci_xVNim8EWly7VuPTlpaMM0lKHv1M7PdoeFRvwAVNynWLDmLsln36GbFzxY9FyZtNAKEW39gpLCqeajWR2HjSF0mRo0OUy4jemlgOBEjE-Iew',NULL,NULL,NULL,NULL,'80b09f289da0544a4e357bfbedeafb959ee3feb8ce1c81f358183386cb300057','5807','u*9&2cvx#L3*^@ljM#Yp:^Dk)ni%g!BK',0,'','Cyprus',NULL,NULL),
	(4,4,'manager','ms@google.com','258147369','258369147','1','2','nicosia',1533540180,NULL,'cBmKAUiMzrk:APA91bHEMB8r2THHbYlll2LtzBrcJDfMjfyxm_buGgr1P3RMph5-HIwcawy4v9FozKR_-xR0YaZdYqa0WGAFuQ0i-6R4_57au_od0bXilURKg_aXbjC3AyJrPNR-Y2O2NhNQJN4Ihj2mRa2IGi_78zupQKjbPhKZYg',NULL,NULL,NULL,NULL,'60a1f06ab23a750c27361ee4b8e51f28d4143d605fc9a80907167166a6aa70bb','5675','Ja6]nzfWHGY4ZNii0e?4BX,I&({VYx8k',0,'','Cyprus',NULL,NULL),
	(5,6,'x','second@google.com','222222','22222','ba','ba','nicosia',1533756165,NULL,'dzvAIj4izFo:APA91bFalIH-9ispiHg53aT3YsBQirD066SZulCzp-D8dQBvbkg3ci_xVNim8EWly7VuPTlpaMM0lKHv1M7PdoeFRvwAVNynWLDmLsln36GbFzxY9FyZtNAKEW39gpLCqeajWR2HjSF0mRo0OUy4jemlgOBEjE-Iew',NULL,NULL,NULL,NULL,'7962afcadcc9cbbe0d68f41ef4908a5d4f1ee39cf65f5ba0237dc0d27e865d53','4537','LtMYY[Cm/m3!Hnpm,Oe$4zPrRvHu*4?v',94,'text','Egkomi',NULL,NULL),
	(6,1,'Hr manager','bigshark0522@yahoo.com','17854218548','28545286599','235, High Tech and Science Development Zone','Yanji, Jilin, China','Yanji',1533872357,NULL,'dJRGXIQdI8Y:APA91bGZMhahqaMeJNLoxO88IzaPpwd70nqNixpPv1epbSviR0WJ3TxIsEjPkhcaJIT6w1umiI-M3_AfAnm7J9fLddLiK5nw_Kib2DDdL8NpQYMyWnPww-fGbx-ahgYUubS6CiNd9TjHU8oHpOIpzh5LyX0GMJ-z7Q',NULL,NULL,NULL,NULL,'9a307b9d494babf38884e46989d7aea1e09261e17bff058d320c84380a1360f9','5675','7Cd<!MDnMt{YVzzS!B4><hqrL6<E%6/<',0,'','Cyprus',NULL,NULL),
	(7,7,'Developer','leorajasekaran@eVenturers.com','9894141108','9894141108','yes','ecr main road','pondy',1533969977,NULL,'ey8aLhbnJWg:APA91bGWY_i4n2s4avE2frlJG9EPf5VrtLW8OxKkHTOi8KIw3eNen1fqWWpGlSA0dBmyMxMck_RcI2sMe-gyX5DBLV53hqNTgSQsTrHrhq3yoTtAQuS5z4LUZ1R2bHrN-K2n02PWMKbGbxJ-S3bBh5xjs5uMQqFRFQ',NULL,NULL,NULL,NULL,'9898df028503405901e1eab0b2bc8750361a43cf3661837345fd1ed54410fc2b','5817','^w7vC7iIU.hMA:Vu^AU$PX[ImKHErd?9',4,'','pondy',NULL,NULL),
	(8,7,'HR','eventurers.php@gmail.com','32165488','852468400','yes','ecr main road','pondy',1535106676,NULL,'ec5piPuIqkA:APA91bH56zqqxsacPRa0Y5wWW8PaZ2aC0jfljCS_Dl1XTrJwM9eXExvx6JY_ZXKZ2_XVa1GP7iB2fNa_zK3Dy9z6jwxM-eSJoZYdkB0EQUpAwovmS6Gayz_6IKkj4o344yVaeHYk60-y',NULL,NULL,NULL,NULL,'d569d5e601dc1fba2b0a635b9daae17ee3c4380ab154a22695520327967d6210','5534','o_sALaA+^i)xxrC?oGVj#]<*]^*OvU7U',50,'hey','Cyprus',NULL,NULL),
	(9,8,'MD','techpark@yopmail.com','8563207088','8654782068','new address 1','','pune',1535359551,NULL,'ec5piPuIqkA:APA91bH56zqqxsacPRa0Y5wWW8PaZ2aC0jfljCS_Dl1XTrJwM9eXExvx6JY_ZXKZ2_XVa1GP7iB2fNa_zK3Dy9z6jwxM-eSJoZYdkB0EQUpAwovmS6Gayz_6IKkj4o344yVaeHYk60-y',NULL,NULL,NULL,NULL,'b7768ab5c9092827c2aad696f26e7c0be511a92280a5acc939bfba116cfdc5ff','7215','+Dn).T11vYAg(N+!:8XBt[pf0IGbEkEs',0,'','pune',NULL,NULL);

/*!40000 ALTER TABLE `tbl_company_user` ENABLE KEYS */;
UNLOCK TABLES;


# Dump of table tbl_company_viewed
# ------------------------------------------------------------

DROP TABLE IF EXISTS `tbl_company_viewed`;

CREATE TABLE `tbl_company_viewed` (
  `id` bigint(11) unsigned NOT NULL AUTO_INCREMENT,
  `company_id` bigint(20) DEFAULT NULL,
  `seeker_id` bigint(20) DEFAULT NULL,
  `isViewed` tinyint(1) NOT NULL DEFAULT '1',
  PRIMARY KEY (`id`)
) ENGINE=InnoDB DEFAULT CHARSET=utf8;

LOCK TABLES `tbl_company_viewed` WRITE;
/*!40000 ALTER TABLE `tbl_company_viewed` DISABLE KEYS */;

INSERT INTO `tbl_company_viewed` (`id`, `company_id`, `seeker_id`, `isViewed`)
VALUES
	(1,1,7,1),
	(2,3,7,1),
	(3,1,9,1),
	(4,3,9,1),
	(5,0,1,1),
	(6,1,1,1);

/*!40000 ALTER TABLE `tbl_company_viewed` ENABLE KEYS */;
UNLOCK TABLES;


# Dump of table tbl_job
# ------------------------------------------------------------

DROP TABLE IF EXISTS `tbl_job`;

CREATE TABLE `tbl_job` (
  `job_id` bigint(11) unsigned NOT NULL AUTO_INCREMENT,
  `job_companyuser` bigint(20) DEFAULT NULL,
  `job_location` varchar(255) DEFAULT NULL,
  `job_title` varchar(255) DEFAULT NULL,
  `job_level` int(11) DEFAULT NULL,
  `job_skills` varchar(255) DEFAULT NULL,
  `job_employmenttype` tinyint(4) DEFAULT NULL,
  `job_yearsofexperience` int(11) DEFAULT NULL,
  `job_stages` bigint(11) DEFAULT NULL,
  `job_description` varchar(512) DEFAULT NULL,
  `job_createdat` bigint(20) DEFAULT NULL,
  PRIMARY KEY (`job_id`)
) ENGINE=InnoDB DEFAULT CHARSET=utf8;

LOCK TABLES `tbl_job` WRITE;
/*!40000 ALTER TABLE `tbl_job` DISABLE KEYS */;

INSERT INTO `tbl_job` (`job_id`, `job_companyuser`, `job_location`, `job_title`, `job_level`, `job_skills`, `job_employmenttype`, `job_yearsofexperience`, `job_stages`, `job_description`, `job_createdat`)
VALUES
	(1,1,'Yanji, Jilin, China','App Development',1,'iOS, Android',2,1,125,'App has 2 side users, company and seekers.\nSeekers are able to find jobs with skills, location and industry',1532503920),
	(2,2,'Hunchun','Android app developer',2,'java, android',1,2,135,'Android app with gps location tracking and has many services',1532508707),
	(3,1,'Yanji, Jilin, China','iPhone App Development',2,'iOS App Development, Swift',2,1,12345,'iOS app with location services and google map search functions.',1532508852),
	(4,3,'Nicosia','Alex Test',1,'Java',2,10,1,'Test',1533230560),
	(5,3,'Marios','Marios',2,'Test',2,25,3,'Test',1533231315),
	(6,3,'protaras','protaras',4,'protaras',1,1514,2,'Protaras',1533332112),
	(7,4,'Nicosia','Sales Executive',2,'Sales',1,2,12,'Great opportunity',1533540297),
	(9,3,'engkomi','second cup',2,'barista',2,0,1,'Coffee',1533756028),
	(10,6,'Cyprus','GPS tracking app',2,'app developer, tester',2,0,134,'App working with locations and real time networking',1533872902),
	(11,3,'paphos','waiter',2,'waiting skills, bartending',2,1,12,'Waiting',1534238842),
	(12,1,'','',4,'Software development',1,3,25,'',1534497443),
	(13,8,'hey','new job',8,'c c',2,2147483647,3,'Job description',1535106967),
	(14,8,'hey','new job',8,'c c',2,2,3,'Job description',1535106977),
	(15,8,'hey','new job',8,'c c',2,2,3,'Job description',1535106985),
	(16,8,'hey','hey',16,'c',2,0,4,'Tes',1535107030),
	(17,8,'hey','hey',16,'c',2,0,4,'Tes',1535107182),
	(18,8,'hey','hey',16,'c',2,0,4,'Tes',1535107189),
	(19,4,'nicosia','Sales test',1,'none',1,2580,12,'No description available',1535483412),
	(20,4,'nicosia','Sales test',1,'none',1,2580,12,'No description available',1535483414),
	(21,4,'nicosia','Sales test',1,'none',1,2580,12,'No description available',1535483417),
	(22,4,'nicosia','Sales test',1,'none',1,2580,12,'No description available',1535483417),
	(23,4,'nicosia','Sales test',1,'none',1,2580,12,'No description available',1535483418),
	(24,4,'nicosia','Sales test',1,'none',1,2580,12,'No description available',1535483418),
	(25,4,'nicosia','Sales test',1,'none',1,2580,12,'No description available',1535483419),
	(26,4,'nicosia','Sales test',1,'none',1,2580,12,'No description available',1535483419),
	(27,4,'nicosia','Sales test',1,'none',1,2580,12,'No description available',1535483420),
	(28,4,'nicosia','Sales test',1,'none',1,2580,12,'No description available',1535483421),
	(29,4,'nicosia','Sales test',1,'none',1,2580,12,'No description available',1535483438),
	(30,4,'nicosia','Sales test',1,'none',1,2580,12,'No description available',1535483439),
	(31,4,'nicosia','Sales test',1,'none',1,2580,12,'No description available',1535483443),
	(32,4,'nicosia','Sales test',1,'none',1,2580,12,'No description available',1535484488),
	(33,4,'nicosia','Sales test',1,'none',1,2580,12,'No description available',1535484490);

/*!40000 ALTER TABLE `tbl_job` ENABLE KEYS */;
UNLOCK TABLES;


# Dump of table tbl_job_draft
# ------------------------------------------------------------

DROP TABLE IF EXISTS `tbl_job_draft`;

CREATE TABLE `tbl_job_draft` (
  `job_id` bigint(11) unsigned NOT NULL AUTO_INCREMENT,
  `job_companyuser` bigint(20) DEFAULT NULL,
  `job_location` varchar(255) DEFAULT NULL,
  `job_title` varchar(255) DEFAULT NULL,
  `job_level` int(11) DEFAULT NULL,
  `job_skills` varchar(255) DEFAULT NULL,
  `job_employmenttype` tinyint(4) DEFAULT NULL,
  `job_yearsofexperience` int(11) DEFAULT NULL,
  `job_stages` bigint(11) DEFAULT NULL,
  `job_description` varchar(512) DEFAULT NULL,
  `job_createdat` bigint(20) DEFAULT NULL,
  PRIMARY KEY (`job_id`)
) ENGINE=InnoDB DEFAULT CHARSET=utf8;



# Dump of table tbl_job_seekeraction
# ------------------------------------------------------------

DROP TABLE IF EXISTS `tbl_job_seekeraction`;

CREATE TABLE `tbl_job_seekeraction` (
  `action_seeker` bigint(20) NOT NULL,
  `action_job` bigint(20) DEFAULT NULL,
  `action_status` tinyint(1) DEFAULT NULL,
  `action_timestamp` bigint(20) DEFAULT NULL
) ENGINE=InnoDB DEFAULT CHARSET=utf8;

LOCK TABLES `tbl_job_seekeraction` WRITE;
/*!40000 ALTER TABLE `tbl_job_seekeraction` DISABLE KEYS */;

INSERT INTO `tbl_job_seekeraction` (`action_seeker`, `action_job`, `action_status`, `action_timestamp`)
VALUES
	(4,3,4,1533209994),
	(5,4,2,1533230763),
	(5,3,2,1533230768),
	(5,2,2,1533230771),
	(5,1,2,1533230776),
	(5,5,4,1533572135),
	(1,3,2,1533260259),
	(1,1,4,NULL),
	(1,5,3,1533264098),
	(1,4,2,1533738357),
	(1,2,2,1533264174),
	(5,6,4,1533753940),
	(1,6,4,1533575068),
	(5,7,4,1535490754),
	(6,7,3,1533582916),
	(6,6,1,1533580146),
	(6,5,1,1533580148),
	(6,4,4,1533753738),
	(6,3,3,1533668712),
	(6,2,3,1533668743),
	(6,1,3,1533673374),
	(8,7,2,1533751937),
	(8,6,2,1533751947),
	(8,5,4,1533752109),
	(8,4,4,1533752038),
	(8,3,2,1533751961),
	(8,2,2,1533751966),
	(5,9,3,1533760437),
	(8,9,1,1533763499),
	(8,1,1,1533763500),
	(8,11,4,1534238996),
	(8,10,2,1534238939),
	(9,11,1,1534258246),
	(9,9,3,1534258263),
	(9,7,1,1534258265),
	(9,6,3,1534258273),
	(9,5,4,1534258886),
	(9,3,4,1534735581),
	(9,1,2,1534258316),
	(9,10,4,1534305018),
	(9,4,2,1534258340),
	(9,2,3,1534258420),
	(9,12,4,1534729739),
	(5,12,1,1534610047),
	(5,11,1,1534610051),
	(10,18,3,1535107361),
	(10,17,3,1535107375),
	(10,16,2,1535107379),
	(10,15,2,1535107383),
	(10,13,4,1535112993),
	(5,18,2,1535118530),
	(5,17,1,1535118555),
	(7,18,3,1535255198),
	(7,17,1,1535255202),
	(7,16,3,1535255215),
	(7,15,3,1535255219),
	(7,14,3,1535255264),
	(7,13,2,1535255275),
	(7,12,2,1535255297),
	(7,11,1,1535255357),
	(7,10,1,1535255383),
	(7,9,3,1535255386),
	(7,7,1,1535255390),
	(7,6,3,1535255400),
	(7,5,2,1535255409),
	(7,4,3,1535255414),
	(7,3,2,1535255425),
	(7,2,2,1535255595),
	(7,1,2,1535255607),
	(1,12,4,1535279751),
	(5,16,3,1535441779),
	(5,15,3,1535441780),
	(5,14,2,1535441784),
	(5,13,1,1535441786),
	(5,10,3,1535484136),
	(4,33,4,1535490698),
	(9,33,3,1535530660),
	(9,32,3,1535579690);

/*!40000 ALTER TABLE `tbl_job_seekeraction` ENABLE KEYS */;
UNLOCK TABLES;


# Dump of table tbl_job_stages
# ------------------------------------------------------------

DROP TABLE IF EXISTS `tbl_job_stages`;

CREATE TABLE `tbl_job_stages` (
  `job_stage_id` bigint(20) unsigned NOT NULL AUTO_INCREMENT,
  `job_stage_job` bigint(20) DEFAULT NULL,
  `job_stage_number` int(11) DEFAULT NULL,
  `job_stage_stage` int(11) DEFAULT NULL,
  PRIMARY KEY (`job_stage_id`)
) ENGINE=InnoDB DEFAULT CHARSET=utf8;

LOCK TABLES `tbl_job_stages` WRITE;
/*!40000 ALTER TABLE `tbl_job_stages` DISABLE KEYS */;

INSERT INTO `tbl_job_stages` (`job_stage_id`, `job_stage_job`, `job_stage_number`, `job_stage_stage`)
VALUES
	(4,1,0,1),
	(5,6,0,2),
	(6,5,0,3),
	(7,4,0,1),
	(8,11,0,1),
	(9,12,0,2),
	(10,3,0,1),
	(11,12,1,5),
	(12,3,1,2),
	(13,3,2,3);

/*!40000 ALTER TABLE `tbl_job_stages` ENABLE KEYS */;
UNLOCK TABLES;


# Dump of table tbl_letter
# ------------------------------------------------------------

DROP TABLE IF EXISTS `tbl_letter`;

CREATE TABLE `tbl_letter` (
  `letter_id` bigint(20) unsigned NOT NULL AUTO_INCREMENT,
  `letter_job` bigint(20) DEFAULT NULL,
  `letter_seeker` bigint(20) DEFAULT NULL,
  `letter_startdate` bigint(20) DEFAULT NULL,
  `letter_salary` int(11) DEFAULT NULL,
  `letter_message` text,
  `letter_type` tinyint(1) DEFAULT NULL COMMENT '1: offer letter, 2: rejection letter',
  `letter_status` tinyint(1) NOT NULL DEFAULT '0' COMMENT '0: pending, 1: accepted, 2: declined',
  PRIMARY KEY (`letter_id`)
) ENGINE=InnoDB DEFAULT CHARSET=utf8;



# Dump of table tbl_notification
# ------------------------------------------------------------

DROP TABLE IF EXISTS `tbl_notification`;

CREATE TABLE `tbl_notification` (
  `notification_id` bigint(20) unsigned NOT NULL AUTO_INCREMENT,
  `notification_type` tinyint(2) DEFAULT NULL,
  `notification_seeker` bigint(20) DEFAULT NULL,
  `notification_companyuser` bigint(20) DEFAULT NULL,
  `notification_job` bigint(20) DEFAULT NULL,
  `notification_read` tinyint(1) DEFAULT NULL,
  `notification_message` varchar(255) DEFAULT NULL,
  `notification_title` varchar(255) DEFAULT NULL,
  `notification_timestamp` bigint(20) DEFAULT NULL,
  `notification_chat` bigint(20) DEFAULT NULL,
  `notification_schedule` bigint(20) DEFAULT NULL,
  `notification_letter` bigint(20) DEFAULT NULL,
  PRIMARY KEY (`notification_id`)
) ENGINE=InnoDB DEFAULT CHARSET=utf8;

LOCK TABLES `tbl_notification` WRITE;
/*!40000 ALTER TABLE `tbl_notification` DISABLE KEYS */;

INSERT INTO `tbl_notification` (`notification_id`, `notification_type`, `notification_seeker`, `notification_companyuser`, `notification_job`, `notification_read`, `notification_message`, `notification_title`, `notification_timestamp`, `notification_chat`, `notification_schedule`, `notification_letter`)
VALUES
	(7,5,0,5,0,0,'Thank you for signing up with be-reached! Please complete your profile and verify your email.','Be-reached',1533756165,NULL,NULL,NULL),
	(8,5,0,6,0,1,'Thank you for signing up with be-reached! Please complete your profile and verify your email.','Be-reached',1533872357,NULL,NULL,NULL),
	(9,5,0,7,0,0,'Thank you for signing up with be-reached! Please complete your profile and verify your email.','Be-reached',1533969977,NULL,NULL,NULL),
	(13,7,7,1,1,1,'  is interested in your job App Development','Be-reached',1534021890,NULL,NULL,NULL),
	(14,7,8,3,11,0,'kotsios x is interested in your job waiter','Be-reached',1534238927,NULL,NULL,NULL),
	(15,7,8,6,10,1,'kotsios x is interested in your job GPS tracking app','Be-reached',1534238939,NULL,NULL,NULL),
	(18,7,9,3,5,0,'Sin Zhehe is interested in your job Marios','Be-reached',1534258285,NULL,NULL,NULL),
	(21,7,9,3,4,0,'Sin Zhehe is interested in your job Alex Test','Be-reached',1534258340,NULL,NULL,NULL),
	(32,9,9,1,12,1,'Sin Zhehe is interested in your job ','Be-reached',1534510269,NULL,NULL,NULL),
	(38,3,9,1,0,1,'You added Sin Zhehe to the saved seeker list.','Be-reached',1534512350,NULL,NULL,NULL),
	(42,5,9,1,12,1,'You added Sin Zhehe to the shortlisted seeker list.','Be-reached',1534543938,NULL,NULL,NULL),
	(44,5,7,1,1,1,'You added   to the shortlisted seeker list.','Be-reached',1534545316,NULL,NULL,NULL),
	(47,5,9,1,12,1,'You added Sin Zhehe to the shortlisted seeker list.','Be-reached',1534650773,NULL,NULL,NULL),
	(58,10,9,1,12,1,'Congratulations! Taixing Software hired you ','New Job Reach Alert',1534729739,24,NULL,NULL),
	(59,19,9,1,12,1,'You created a chat with Sin Zhehe for the ','New Chat Created!',1534729740,24,NULL,NULL),
	(60,10,9,1,3,1,'Congratulations! Taixing Software hired you iPhone App Development','New Job Reach Alert',1534735581,25,NULL,NULL),
	(61,19,9,1,3,1,'You created a chat with Sin Zhehe for the iPhone App Development','New Chat Created!',1534735582,25,NULL,NULL),
	(62,5,9,1,1,1,'You added Sin Zhehe to the shortlisted seeker list.','Be-reached',1534754102,NULL,NULL,NULL),
	(63,1,0,8,0,0,'Thank you for signing up with be-reached! Please complete your profile and verify your email.','Be-reached',1535106676,NULL,NULL,NULL),
	(64,7,0,NULL,NULL,0,'  is interested in your job ','Be-reached',1535106967,NULL,NULL,NULL),
	(65,7,0,NULL,NULL,0,'  is interested in your job ','Be-reached',1535106977,NULL,NULL,NULL),
	(66,7,0,NULL,NULL,0,'  is interested in your job ','Be-reached',1535106985,NULL,NULL,NULL),
	(67,7,0,NULL,NULL,0,'  is interested in your job ','Be-reached',1535107030,NULL,NULL,NULL),
	(68,7,0,NULL,NULL,0,'  is interested in your job ','Be-reached',1535107182,NULL,NULL,NULL),
	(69,7,0,NULL,NULL,0,'  is interested in your job ','Be-reached',1535107189,NULL,NULL,NULL),
	(70,3,1,8,0,1,'You added Zhuxian Quan to the saved seeker list.','Be-reached',1535107222,NULL,NULL,NULL),
	(71,2,10,0,0,0,'Thank you for signing up with be-reached! Please complete your profile and verify your email.','Be-reached',1535107310,NULL,NULL,NULL),
	(72,2,10,0,0,0,'Thank you for signing up with be-reached! Please complete your profile and verify your email.','Be-reached',1535107311,NULL,NULL,NULL),
	(73,9,10,8,16,0,'Ev Ev is interested in your job hey','Be-reached',1535107379,NULL,NULL,NULL),
	(74,9,10,8,15,0,'Ev Ev is interested in your job new job','Be-reached',1535107383,NULL,NULL,NULL),
	(75,9,10,8,13,0,'Ev Ev is interested in your job new job','Be-reached',1535107393,NULL,NULL,NULL),
	(76,5,10,8,15,1,'You added Ev Ev to the shortlisted seeker list.','Be-reached',1535107618,NULL,NULL,NULL),
	(77,10,10,8,13,0,'Congratulations! eVenturers hired you new job','New Job Reach Alert',1535112993,26,NULL,NULL),
	(78,19,10,8,13,0,'You created a chat with Ev Ev for the new job','New Chat Created!',1535112995,26,NULL,NULL),
	(79,9,5,8,18,0,'Marios S is interested in your job hey','Be-reached',1535118530,NULL,NULL,NULL),
	(80,9,7,8,13,0,'  is interested in your job new job','Be-reached',1535255275,NULL,NULL,NULL),
	(81,9,7,1,12,1,'  is interested in your job ','Be-reached',1535255297,NULL,NULL,NULL),
	(82,9,7,3,5,0,'  is interested in your job Marios','Interested',1535255409,NULL,NULL,NULL),
	(83,9,7,1,3,1,'  is interested in your job iPhone App Development','Interested',1535255425,NULL,NULL,NULL),
	(84,9,7,2,2,0,'  and 3 users are interested in \'Android app developer\'','Interested',1535255595,NULL,NULL,NULL),
	(85,9,7,1,1,1,'  and 2 users are interested in \'App Development\'','Interested',1535255607,NULL,NULL,NULL),
	(86,3,6,1,0,1,'You added alex alex to the saved seeker list.','Be-reached',1535279698,NULL,NULL,NULL),
	(87,10,1,1,12,1,'Congratulations! Taixing Software hired you ','New Job Reach Alert',1535279751,27,NULL,NULL),
	(88,19,1,1,12,1,'You created a chat with Zhuxian Quan for the ','New Chat Created!',1535279752,27,NULL,NULL),
	(89,5,7,1,12,1,'  is shortlisted in \'\'','Shortlisted',1535333544,NULL,NULL,NULL),
	(90,1,0,9,0,0,'Thank you for signing up with be-reached! Please complete your profile and verify your email.','Be-reached',1535359551,NULL,NULL,NULL),
	(91,9,5,8,14,0,'Marios S is interested in \'new job\'','Interested',1535441784,NULL,NULL,NULL),
	(92,7,0,NULL,NULL,0,'  is interested in your job ','Be-reached',1535483412,NULL,NULL,NULL),
	(93,7,0,NULL,NULL,0,'  is interested in your job ','Be-reached',1535483414,NULL,NULL,NULL),
	(94,7,0,NULL,NULL,0,'  is interested in your job ','Be-reached',1535483417,NULL,NULL,NULL),
	(95,7,0,NULL,NULL,0,'  is interested in your job ','Be-reached',1535483417,NULL,NULL,NULL),
	(96,7,0,NULL,NULL,0,'  is interested in your job ','Be-reached',1535483418,NULL,NULL,NULL),
	(97,7,0,NULL,NULL,0,'  is interested in your job ','Be-reached',1535483418,NULL,NULL,NULL),
	(98,7,0,NULL,NULL,0,'  is interested in your job ','Be-reached',1535483419,NULL,NULL,NULL),
	(99,7,0,NULL,NULL,0,'  is interested in your job ','Be-reached',1535483420,NULL,NULL,NULL),
	(100,7,0,NULL,NULL,0,'  is interested in your job ','Be-reached',1535483420,NULL,NULL,NULL),
	(101,7,0,NULL,NULL,0,'  is interested in your job ','Be-reached',1535483421,NULL,NULL,NULL),
	(102,7,0,NULL,NULL,0,'  is interested in your job ','Be-reached',1535483438,NULL,NULL,NULL),
	(103,7,0,NULL,NULL,0,'  is interested in your job ','Be-reached',1535483439,NULL,NULL,NULL),
	(104,7,0,NULL,NULL,0,'  is interested in your job ','Be-reached',1535483443,NULL,NULL,NULL),
	(105,7,0,NULL,NULL,0,'  is interested in your job ','Be-reached',1535484488,NULL,NULL,NULL),
	(106,7,0,NULL,NULL,0,'  is interested in your job ','Be-reached',1535484490,NULL,NULL,NULL),
	(107,10,4,4,33,0,'Congratulations! marios hired you Sales test','New Job Reach Alert',1535490698,28,NULL,NULL),
	(108,19,4,4,33,1,'You have reached Marios Sarpetsas Take you to chat with the Marios Sarpetsas.','Reached',1535490699,28,NULL,NULL),
	(109,10,5,4,7,0,'Congratulations! marios hired you Sales Executive','New Job Reach Alert',1535490754,29,NULL,NULL),
	(110,19,5,4,7,0,'You have reached Marios S Take you to chat with the Marios S.','Reached',1535490755,29,NULL,NULL),
	(111,5,8,4,7,1,'kotsios x is shortlisted in \'Sales Executive\'','Shortlisted',1535490965,NULL,NULL,NULL),
	(115,12,9,1,12,0,'Taixing Software created a schedule: Wed 29 Aug 07:30 PM.','Schedule!',1535541039,NULL,13,NULL),
	(116,13,9,1,12,0,'You created a schedule: Wed 29 Aug 07:30 PM for Sin Zhehe','Schedule Set',1535541039,NULL,13,NULL),
	(117,11,9,1,12,0,'You created a stage for Sin Zhehe in job ','Stage has been updated',1535541041,NULL,13,NULL),
	(118,12,9,1,3,0,'Taixing Software created a schedule: Wed 29 Aug 08:00 PM.','Schedule!',1535541605,NULL,14,NULL),
	(119,13,9,1,3,0,'You created a schedule: Wed 29 Aug 08:00 PM for Sin Zhehe','Schedule Set',1535541605,NULL,14,NULL),
	(120,11,9,1,3,0,'You created a stage for Sin Zhehe in job iPhone App Development','Stage has been updated',1535541606,NULL,14,NULL),
	(127,18,9,1,12,0,'Stage advaced','Stage advaced',1535579301,NULL,13,NULL),
	(128,18,9,1,3,0,'Stage advaced','Stage advaced',1535579764,NULL,14,NULL),
	(129,12,9,1,12,0,'Taixing Software created a schedule: Thu 30 Aug 06:30 AM.','Schedule!',1535581206,NULL,15,NULL),
	(148,22,9,1,12,0,'Taixing Software rescheduled: Thu 30 Aug 09:30 AM for you','Reschedule Set',1535586574,NULL,15,NULL),
	(149,15,9,1,12,0,'You rescheduled: Thu 30 Aug 09:00 AM for Sin Zhehe','Reschedule Set',1535586575,NULL,15,NULL),
	(150,22,9,1,12,0,'Taixing Software rescheduled: Thu 30 Aug 04:30 PM for you','Reschedule Set',1535615782,NULL,15,NULL),
	(151,15,9,1,12,0,'You rescheduled: Thu 30 Aug 04:00 PM for Sin Zhehe','Reschedule Set',1535615783,NULL,15,NULL),
	(152,18,9,1,12,0,'You have been advanced to Case Interview for ','Advanced candidate',1535617326,NULL,15,NULL),
	(153,17,9,1,12,0,'Sin Zhehe has advanced to Case Interview for ','Advanced candidate',1535617328,NULL,15,NULL),
	(154,12,9,1,3,0,'Taixing Software created a schedule: Thu 30 Aug 08:30 PM.','Schedule!',1535630158,NULL,16,NULL),
	(155,13,9,1,3,0,'You created a schedule: Thu 30 Aug 08:00 PM for Sin Zhehe','Schedule Set',1535630160,NULL,16,NULL),
	(156,11,9,1,3,0,'You created a stage for Sin Zhehe in job iPhone App Development','Stage has been updated',1535630161,NULL,16,NULL),
	(157,18,9,1,3,0,'You have been advanced to On-Site Interview for iPhone App Development','Advanced candidate',1535630466,NULL,16,NULL),
	(158,17,9,1,3,0,'Sin Zhehe has advanced to On-Site Interview for iPhone App Development','Advanced candidate',1535630467,NULL,16,NULL),
	(159,12,9,1,3,0,'Taixing Software created a schedule: Thu 30 Aug 11:00 PM.','Schedule!',1535631368,NULL,17,NULL),
	(160,13,9,1,3,0,'You created a schedule: Thu 30 Aug 10:30 PM for Sin Zhehe','Schedule Set',1535631370,NULL,17,NULL),
	(161,11,9,1,3,0,'You created a stage for Sin Zhehe in job iPhone App Development','Stage has been updated',1535631371,NULL,17,NULL),
	(162,18,9,1,3,0,'You have been advanced to On-Site Presentation for iPhone App Development','Advanced candidate',1535631481,NULL,17,NULL),
	(163,17,9,1,3,0,'Sin Zhehe has advanced to On-Site Presentation for iPhone App Development','Advanced candidate',1535631482,NULL,17,NULL);

/*!40000 ALTER TABLE `tbl_notification` ENABLE KEYS */;
UNLOCK TABLES;


# Dump of table tbl_schedule
# ------------------------------------------------------------

DROP TABLE IF EXISTS `tbl_schedule`;

CREATE TABLE `tbl_schedule` (
  `schedule_id` bigint(20) unsigned NOT NULL AUTO_INCREMENT,
  `schedule_seeker` bigint(20) DEFAULT NULL,
  `schedule_job_stage` bigint(20) DEFAULT NULL,
  `schedule_startdate` bigint(20) DEFAULT NULL,
  `schedule_enddate` bigint(20) DEFAULT NULL,
  `schedule_review` text,
  `schedule_rating` float DEFAULT NULL,
  `schedule_status` tinyint(11) DEFAULT NULL COMMENT '0, null - pending, \\n1: completed\n2: stopped, 3: offered',
  PRIMARY KEY (`schedule_id`)
) ENGINE=InnoDB DEFAULT CHARSET=utf8;

LOCK TABLES `tbl_schedule` WRITE;
/*!40000 ALTER TABLE `tbl_schedule` DISABLE KEYS */;

INSERT INTO `tbl_schedule` (`schedule_id`, `schedule_seeker`, `schedule_job_stage`, `schedule_startdate`, `schedule_enddate`, `schedule_review`, `schedule_rating`, `schedule_status`)
VALUES
	(4,1,4,1535763600,1535774400,NULL,NULL,NULL),
	(5,5,5,1534236300,1534236300,NULL,NULL,NULL),
	(6,8,6,1534149000,1534149900,NULL,NULL,NULL),
	(7,6,7,1534081500,1534081500,NULL,NULL,NULL),
	(8,8,8,1534498234,1534500000,NULL,NULL,NULL),
	(13,9,9,1535542200,1535549400,'Seems good',9,1),
	(14,9,10,1535544000,1535547600,'Great experience',10,1),
	(15,9,11,1535616000,1535623200,'Perfect, OK!',10,1),
	(16,9,12,1535630400,1535634000,'Great interview! Perfect!',9,1),
	(17,9,13,1535639414,1535644800,'Good action.\nHighly recommended!',10,1);

/*!40000 ALTER TABLE `tbl_schedule` ENABLE KEYS */;
UNLOCK TABLES;


# Dump of table tbl_seeker
# ------------------------------------------------------------

DROP TABLE IF EXISTS `tbl_seeker`;

CREATE TABLE `tbl_seeker` (
  `seeker_id` bigint(11) unsigned NOT NULL AUTO_INCREMENT,
  `seeker_profileimage` varchar(255) DEFAULT NULL,
  `seeker_firstname` varchar(255) DEFAULT NULL,
  `seeker_surname` varchar(255) DEFAULT NULL,
  `seeker_age` int(3) DEFAULT NULL,
  `seeker_email` varchar(255) DEFAULT NULL,
  `seeker_profileemail` varchar(255) DEFAULT NULL,
  `seeker_title` varchar(255) NOT NULL DEFAULT 'Seeking job',
  `seeker_phonenumber` varchar(255) DEFAULT NULL,
  `seeker_address1` varchar(255) DEFAULT NULL,
  `seeker_address2` varchar(255) DEFAULT NULL,
  `seeker_city` varchar(255) DEFAULT NULL,
  `seeker_website` varchar(255) DEFAULT NULL,
  `seeker_profileviews` int(11) NOT NULL DEFAULT '0',
  `seeker_recommendations` int(11) NOT NULL DEFAULT '0',
  `PasswordHash` varchar(255) DEFAULT NULL,
  `Iterations` varchar(255) DEFAULT NULL,
  `Salt` varchar(255) DEFAULT NULL,
  `fcmtoken` varchar(255) DEFAULT NULL,
  `seeker_createdat` bigint(20) DEFAULT NULL,
  `preferredindustry` varchar(255) DEFAULT NULL,
  `preferredjobfields` varchar(255) DEFAULT NULL,
  `preferredlocation` varchar(255) DEFAULT NULL,
  `seeker_cvfile` varchar(255) DEFAULT NULL,
  `timezone` varchar(255) DEFAULT NULL,
  `language` varchar(20) DEFAULT NULL,
  PRIMARY KEY (`seeker_id`)
) ENGINE=InnoDB DEFAULT CHARSET=utf8;

LOCK TABLES `tbl_seeker` WRITE;
/*!40000 ALTER TABLE `tbl_seeker` DISABLE KEYS */;

INSERT INTO `tbl_seeker` (`seeker_id`, `seeker_profileimage`, `seeker_firstname`, `seeker_surname`, `seeker_age`, `seeker_email`, `seeker_profileemail`, `seeker_title`, `seeker_phonenumber`, `seeker_address1`, `seeker_address2`, `seeker_city`, `seeker_website`, `seeker_profileviews`, `seeker_recommendations`, `PasswordHash`, `Iterations`, `Salt`, `fcmtoken`, `seeker_createdat`, `preferredindustry`, `preferredjobfields`, `preferredlocation`, `seeker_cvfile`, `timezone`, `language`)
VALUES
	(1,'http://18.218.241.173/be-reached/uploadfiles/seeker/image_test_1532502721.jpg','Zhuxian','Quan',30,'bigshark0810@gmail.com','bigshark0810@gmail.com','App recruiter at Hongqi Software\nMaster of Science(M.S.) of Yanbian University','578799797','214, Yanhe Street','Yanji, Jilin, China','Yanji','www.google.com',5,1,'d35fcf7b41c4c8e6608af686b9bc355bbef8e417c540851d8d4607596e40239a','4895','V]pncay*IA!ei[nIjF3)}&([).]QRFZC','fUcj8z6sjbw:APA91bF7rqy6ktgFafb_4dmH0jS1LjhkHGje1vSVrsvMLjhWsTjD1uvm1g9_7xwfJRObapPqSs37FqmYwCjzJEayr2X2ZfHXNiCuPoP3eu6mdojADL0EmF44LQttSMqfAXis1XDnoKNGn_Vez1HJI7_EnrYrLRP4MQ',1532494984,'4','','Cyprus','http://18.218.241.173/be-reached/uploadfiles/seeker/image_test_1533738343.jpg','Asia/Shanghai',NULL),
	(2,'http://18.218.241.173/be-reached/uploadfiles/seeker/image_test_1532509054.jpg','Zhuxian1','Quan',29,'bigshark0810@hotmail.com','bigshark0810@hotmail.com','Seeking job','4250854875','231 west road','Yanji, Jilin, China','Yanji','www.zhuxian.com',4,1,'3ff2618c224d2e5933f30e24a7fa316244bb8aa694b9be953d6a9252dbee693d','6333',':3HK]z750{TvN6f+RP{ELm(}9:lh4)Y]','fUcj8z6sjbw:APA91bF7rqy6ktgFafb_4dmH0jS1LjhkHGje1vSVrsvMLjhWsTjD1uvm1g9_7xwfJRObapPqSs37FqmYwCjzJEayr2X2ZfHXNiCuPoP3eu6mdojADL0EmF44LQttSMqfAXis1XDnoKNGn_Vez1HJI7_EnrYrLRP4MQ',1532509016,'4','','Cyprus','http://18.218.241.173/be-reached/uploadfiles/seeker/image_test_1533487349.jpg',NULL,NULL),
	(4,'http://18.218.241.173/be-reached/uploadfiles/seeker/image_test_1533222327.jpg','Marios','Sarpetsas',1000,'msarpetsas@gmail.com','msarpetsas@gmail.com','Seeking job','99123456','Address 1','Address 2','Nicosia',NULL,4,0,'c7321227dfe71834caa8016d5ddbb37196a66c808833885fe6c9c6f4267cd474','7311','!f]E*t{R4?r%XMLltP/;(U#1k6?6eJg:','cBmKAUiMzrk:APA91bHEMB8r2THHbYlll2LtzBrcJDfMjfyxm_buGgr1P3RMph5-HIwcawy4v9FozKR_-xR0YaZdYqa0WGAFuQ0i-6R4_57au_od0bXilURKg_aXbjC3AyJrPNR-Y2O2NhNQJN4Ihj2mRa2IGi_78zupQKjbPhKZYg',1533209982,'0','','Cyprus',NULL,NULL,NULL),
	(5,'http://18.218.241.173/be-reached/uploadfiles/seeker/image_test_1534609963.jpg','Marios','S',32,'ms@google.com','ms@google.com','Seeking job','99533555','latsia','nicosia','nicosia',NULL,4,0,'c9accc0a5eb69a65df7f11330868f04c140bb2b3086e75c00d895ad6fc4ee2e5','1140','eOTa&fmQAlTCPkBv:Fx2m#%+aSFoSA1*','dzvAIj4izFo:APA91bFalIH-9ispiHg53aT3YsBQirD066SZulCzp-D8dQBvbkg3ci_xVNim8EWly7VuPTlpaMM0lKHv1M7PdoeFRvwAVNynWLDmLsln36GbFzxY9FyZtNAKEW39gpLCqeajWR2HjSF0mRo0OUy4jemlgOBEjE-Iew',1533230743,'0','','Cyprus','http://18.218.241.173/be-reached/uploadfiles/seeker/image_test_1534774957.pdf',NULL,NULL),
	(6,'http://18.218.241.173/be-reached/uploadfiles/seeker/image_test_1533581911.jpg','alex','alex',2539,'ap@gmail.com','ap@gmail.com','Seeking job','1111111','x','x','x',NULL,4,1,'2c757356cb113ff062afa571d5790899200444af533bb8bc0ab6f35ce141f02e','1487','rSjUpn.L{P+,uOJO%Z2RXe^;(D7!HAP)','dzvAIj4izFo:APA91bFalIH-9ispiHg53aT3YsBQirD066SZulCzp-D8dQBvbkg3ci_xVNim8EWly7VuPTlpaMM0lKHv1M7PdoeFRvwAVNynWLDmLsln36GbFzxY9FyZtNAKEW39gpLCqeajWR2HjSF0mRo0OUy4jemlgOBEjE-Iew',1533580126,'0','','Cyprus',NULL,NULL,NULL),
	(7,'http://18.218.241.173/be-reached/uploadfiles/seeker/image_test_1533731262.jpg','','',29,'bigshark0317@gmail.com','bigshark0317@gmail.com','Software developer at Hongqi No1','15874586932','real testing address','address 2','nigosia','www.test.com',5,1,'ebb5d336c05e70da4d9899774e38d811d4a8366c48c6a162c9a504bd71511220','4899','bjjvXxNO(Yy9sz}(q}X,x7tteol(yi+K','123456',1533730639,'0','','Cyprus','http://18.218.241.173/be-reached/uploadfiles/seeker/image_test_1533731827.pdf','Asia/Shanghai',NULL),
	(8,NULL,'kotsios','x',22,'k@google.com','k@google.com','Seeking job\nBachelor of Fine Arts(BFA) of d','9963663','a','a','js',NULL,4,1,'5eb6c04c63d12cd9a20674f89e06245c64587bf8f64288fd1e3e130524d06987','4913','M2,2m:N$PNzA1_<q_.W3NYYv5v&Mpy1<','dzvAIj4izFo:APA91bFalIH-9ispiHg53aT3YsBQirD066SZulCzp-D8dQBvbkg3ci_xVNim8EWly7VuPTlpaMM0lKHv1M7PdoeFRvwAVNynWLDmLsln36GbFzxY9FyZtNAKEW39gpLCqeajWR2HjSF0mRo0OUy4jemlgOBEjE-Iew',1533751905,'0','','Cyprus',NULL,NULL,NULL),
	(9,'http://18.218.241.173/be-reached/uploadfiles/seeker/image_test_1534287169.jpg','Sin','Zhehe',32,'sin@gmail.com','sin@gmail.com','Manager at Xinjiang pictures','1752808569','red street yanji Jilin China','234 road','Yanji','www.sin.com',4,4,'246d1851bd66b1c8c751baad4ab15ec3e43d0b002e4f0d64a61c76621dd00666','6086',':gW6&%LsJk)^7V^R{)SH_Wv4j.)Viw89','fUcj8z6sjbw:APA91bF7rqy6ktgFafb_4dmH0jS1LjhkHGje1vSVrsvMLjhWsTjD1uvm1g9_7xwfJRObapPqSs37FqmYwCjzJEayr2X2ZfHXNiCuPoP3eu6mdojADL0EmF44LQttSMqfAXis1XDnoKNGn_Vez1HJI7_EnrYrLRP4MQ',1534258179,'0','','Cyprus','http://18.218.241.173/be-reached/uploadfiles/seeker/image_test_1534287196.pdf','Asia/Pyongyang',NULL),
	(10,NULL,'Ev','Ev',25,'eventurers.php@gmail.com','eventurers.php@gmail.com','exp at Ev\nMaster of Arts(M.A.) of institut','965248070','tes','tes','tes','',1,1,'2f52caef11c65c5dda12e8dfad210c2edcedb86d4a6580a2d627ae0cab7d1aab','6953','rW2%#Xpw{&q_E(E(B+#x%k>d8#j06.Ny','ec5piPuIqkA:APA91bH56zqqxsacPRa0Y5wWW8PaZ2aC0jfljCS_Dl1XTrJwM9eXExvx6JY_ZXKZ2_XVa1GP7iB2fNa_zK3Dy9z6jwxM-eSJoZYdkB0EQUpAwovmS6Gayz_6IKkj4o344yVaeHYk60-y',1535107310,'0','','Puducherry',NULL,NULL,NULL);

/*!40000 ALTER TABLE `tbl_seeker` ENABLE KEYS */;
UNLOCK TABLES;


# Dump of table tbl_seeker_accomplishment
# ------------------------------------------------------------

DROP TABLE IF EXISTS `tbl_seeker_accomplishment`;

CREATE TABLE `tbl_seeker_accomplishment` (
  `accomplishment_id` bigint(11) unsigned NOT NULL AUTO_INCREMENT,
  `accomplishment_type` bigint(20) DEFAULT NULL,
  `accomplishment_description` varchar(255) DEFAULT NULL,
  `accomplishment_language` varchar(255) DEFAULT NULL,
  `accomplishment_proficiency` int(11) DEFAULT NULL,
  `accomplishment_seeker` bigint(255) DEFAULT NULL,
  PRIMARY KEY (`accomplishment_id`)
) ENGINE=InnoDB DEFAULT CHARSET=utf8;

LOCK TABLES `tbl_seeker_accomplishment` WRITE;
/*!40000 ALTER TABLE `tbl_seeker_accomplishment` DISABLE KEYS */;

INSERT INTO `tbl_seeker_accomplishment` (`accomplishment_id`, `accomplishment_type`, `accomplishment_description`, `accomplishment_language`, `accomplishment_proficiency`, `accomplishment_seeker`)
VALUES
	(1,1,'I have certified by Taxing software',NULL,NULL,1),
	(2,2,'Taxing software is my organization',NULL,NULL,1),
	(3,4,'I have done project related with job search',NULL,NULL,1),
	(4,8,NULL,'English',4,1),
	(6,8,NULL,'Chinese (Simplified)',16,1),
	(7,1,'Cet',NULL,NULL,10),
	(8,2,'Tes',NULL,NULL,10);

/*!40000 ALTER TABLE `tbl_seeker_accomplishment` ENABLE KEYS */;
UNLOCK TABLES;


# Dump of table tbl_seeker_companyaction
# ------------------------------------------------------------

DROP TABLE IF EXISTS `tbl_seeker_companyaction`;

CREATE TABLE `tbl_seeker_companyaction` (
  `action_companyuser` bigint(20) DEFAULT NULL,
  `action_seeker` bigint(20) NOT NULL,
  `action_status` tinyint(1) DEFAULT NULL,
  `action_timestamp` bigint(20) DEFAULT NULL,
  `action_job` bigint(20) DEFAULT NULL
) ENGINE=InnoDB DEFAULT CHARSET=utf8;

LOCK TABLES `tbl_seeker_companyaction` WRITE;
/*!40000 ALTER TABLE `tbl_seeker_companyaction` DISABLE KEYS */;

INSERT INTO `tbl_seeker_companyaction` (`action_companyuser`, `action_seeker`, `action_status`, `action_timestamp`, `action_job`)
VALUES
	(1,1,5,1533179148,3),
	(1,1,2,1533179179,0),
	(3,1,2,1533751500,0),
	(3,5,2,1533751523,0),
	(1,4,4,1533261966,3),
	(1,1,4,NULL,1),
	(1,4,2,1533264342,0),
	(3,5,4,1533753940,6),
	(3,5,4,1533572135,5),
	(3,1,4,1533575068,6),
	(4,1,2,1533674034,0),
	(4,4,2,1533674038,0),
	(3,6,2,1533750951,0),
	(3,1,3,1533751590,4),
	(3,5,3,1533751610,4),
	(3,8,4,1533752038,4),
	(3,8,4,1533752109,5),
	(3,8,5,1533752487,6),
	(3,6,4,1533753738,4),
	(3,2,2,1533753962,0),
	(3,7,2,1533753967,0),
	(1,7,2,1533989892,0),
	(4,2,2,1533828076,0),
	(1,2,2,1533984933,0),
	(3,8,4,1534238996,11),
	(3,9,2,1534258893,0),
	(3,9,4,1534258886,5),
	(6,9,2,1534304987,0),
	(6,9,4,1534305018,10),
	(1,9,2,1534512350,0),
	(1,7,1,1535279773,1),
	(1,9,3,1534754102,1),
	(1,9,4,1534729739,12),
	(1,9,4,1534735581,3),
	(3,9,1,1534871622,4),
	(4,8,1,1535491007,7),
	(8,1,2,1535107222,0),
	(8,10,1,1535107637,15),
	(8,10,4,1535112993,13),
	(1,6,2,1535279698,0),
	(1,1,4,1535279751,12),
	(1,7,3,1535333544,12),
	(4,4,4,1535490698,33),
	(4,5,4,1535490754,7);

/*!40000 ALTER TABLE `tbl_seeker_companyaction` ENABLE KEYS */;
UNLOCK TABLES;


# Dump of table tbl_seeker_education
# ------------------------------------------------------------

DROP TABLE IF EXISTS `tbl_seeker_education`;

CREATE TABLE `tbl_seeker_education` (
  `education_id` bigint(20) unsigned NOT NULL AUTO_INCREMENT,
  `education_schoolname` varchar(255) DEFAULT NULL,
  `education_degree` int(11) DEFAULT NULL,
  `education_from` varchar(20) DEFAULT NULL,
  `education_to` varchar(20) DEFAULT NULL,
  `education_fields` varchar(255) DEFAULT NULL,
  `education_grade` varchar(255) DEFAULT NULL,
  `education_description` varchar(255) DEFAULT NULL,
  `education_seeker` bigint(20) DEFAULT NULL,
  PRIMARY KEY (`education_id`)
) ENGINE=InnoDB DEFAULT CHARSET=utf8;

LOCK TABLES `tbl_seeker_education` WRITE;
/*!40000 ALTER TABLE `tbl_seeker_education` DISABLE KEYS */;

INSERT INTO `tbl_seeker_education` (`education_id`, `education_schoolname`, `education_degree`, `education_from`, `education_to`, `education_fields`, `education_grade`, `education_description`, `education_seeker`)
VALUES
	(2,'Yanbian University',128,'1/4/2006','31/3/2010','Computer Engineering','Senior Grade','I have studied computer science in this university',1),
	(3,'Shenyang Industry University',128,'1/4/2004','31/3/2006','Engineering','First grade','This was my first University',1),
	(4,'d',4,'9/5/2018','9/7/2018','hs','gs','Hbd',8),
	(5,'institut',8,'24/7/2018','24/8/2018','tes','v','some(\"Tes\")',10),
	(6,'Indy 3',2,'24/8/2018','24/8/2015','hey','c','Desc',10);

/*!40000 ALTER TABLE `tbl_seeker_education` ENABLE KEYS */;
UNLOCK TABLES;


# Dump of table tbl_seeker_experience
# ------------------------------------------------------------

DROP TABLE IF EXISTS `tbl_seeker_experience`;

CREATE TABLE `tbl_seeker_experience` (
  `experience_id` bigint(11) unsigned NOT NULL AUTO_INCREMENT,
  `experience_jobtitle` varchar(255) DEFAULT NULL,
  `experience_company` varchar(255) DEFAULT NULL,
  `experience_from` varchar(20) DEFAULT NULL,
  `experience_to` varchar(20) DEFAULT NULL,
  `experience_location` varchar(255) DEFAULT NULL,
  `experience_description` text,
  `experience_seeker` bigint(20) DEFAULT NULL,
  PRIMARY KEY (`experience_id`)
) ENGINE=InnoDB DEFAULT CHARSET=utf8;

LOCK TABLES `tbl_seeker_experience` WRITE;
/*!40000 ALTER TABLE `tbl_seeker_experience` DISABLE KEYS */;

INSERT INTO `tbl_seeker_experience` (`experience_id`, `experience_jobtitle`, `experience_company`, `experience_from`, `experience_to`, `experience_location`, `experience_description`, `experience_seeker`)
VALUES
	(2,'App developer','Taixing software','28/7/2010','28/7/2012','Yanji, Jilin, China','I was an mobile app developer of this company.\nI have built 5 apps in this company.',1),
	(3,'App recruiter','Hongqi Software','1/6/2016','Present','Yanji, Jilin, China','Rest defense',1),
	(4,'tester','Kongdi Electronics','1/10/2012','30/11/2014','Nigosia','As a tester coach, I was the no1',7),
	(5,'Software developer','Hongqi No1','9/1/2017','Present','Yanhe, Longjing China','Head developer in that company will be the best time in my life',7),
	(6,'x','x','9/8/2018','9/6/2018','c','Fc',8),
	(7,'Manager','Xinjiang pictures','15/8/2014','Present','Xinjiang China','Manager of procedures',9),
	(8,'exp','Ev','24/7/2016','Present','test','Ter',10),
	(9,'d','d','27/8/2018','27/7/2018','d','F',5);

/*!40000 ALTER TABLE `tbl_seeker_experience` ENABLE KEYS */;
UNLOCK TABLES;


# Dump of table tbl_seeker_recommended
# ------------------------------------------------------------

DROP TABLE IF EXISTS `tbl_seeker_recommended`;

CREATE TABLE `tbl_seeker_recommended` (
  `id` bigint(20) unsigned NOT NULL AUTO_INCREMENT,
  `seeker_id` bigint(20) DEFAULT NULL,
  `companyuser_id` bigint(20) DEFAULT NULL,
  `isRecommended` tinyint(1) NOT NULL DEFAULT '1',
  PRIMARY KEY (`id`)
) ENGINE=InnoDB DEFAULT CHARSET=utf8;

LOCK TABLES `tbl_seeker_recommended` WRITE;
/*!40000 ALTER TABLE `tbl_seeker_recommended` DISABLE KEYS */;

INSERT INTO `tbl_seeker_recommended` (`id`, `seeker_id`, `companyuser_id`, `isRecommended`)
VALUES
	(1,2,1,1),
	(2,7,1,1),
	(3,9,3,1),
	(4,9,6,1),
	(5,9,1,1),
	(6,9,NULL,1),
	(7,1,8,1),
	(8,10,8,1),
	(9,6,1,1),
	(10,8,4,1);

/*!40000 ALTER TABLE `tbl_seeker_recommended` ENABLE KEYS */;
UNLOCK TABLES;


# Dump of table tbl_seeker_viewed
# ------------------------------------------------------------

DROP TABLE IF EXISTS `tbl_seeker_viewed`;

CREATE TABLE `tbl_seeker_viewed` (
  `id` bigint(20) unsigned NOT NULL AUTO_INCREMENT,
  `seeker_id` bigint(20) DEFAULT NULL,
  `companyuser_id` bigint(20) DEFAULT NULL,
  `isViewed` tinyint(1) NOT NULL DEFAULT '1',
  PRIMARY KEY (`id`)
) ENGINE=InnoDB DEFAULT CHARSET=utf8;

LOCK TABLES `tbl_seeker_viewed` WRITE;
/*!40000 ALTER TABLE `tbl_seeker_viewed` DISABLE KEYS */;

INSERT INTO `tbl_seeker_viewed` (`id`, `seeker_id`, `companyuser_id`, `isViewed`)
VALUES
	(1,1,1,1),
	(2,6,1,1),
	(3,4,1,1),
	(4,7,1,1),
	(5,2,1,1),
	(6,5,3,1),
	(7,2,4,1),
	(8,7,3,1),
	(9,1,6,1),
	(10,2,6,1),
	(11,4,6,1),
	(12,7,6,1),
	(13,4,3,1),
	(14,8,1,1),
	(15,7,4,1),
	(16,6,4,1),
	(17,8,3,1),
	(18,5,1,1),
	(19,9,1,1),
	(20,9,3,1),
	(21,6,6,1),
	(22,9,6,1),
	(23,8,6,1),
	(24,1,3,1),
	(25,6,3,1),
	(26,8,4,1),
	(27,2,8,1),
	(28,1,8,1),
	(29,10,8,1),
	(30,7,8,1),
	(31,9,8,1),
	(32,5,8,1),
	(33,1,4,1),
	(34,4,4,1),
	(35,5,4,1);

/*!40000 ALTER TABLE `tbl_seeker_viewed` ENABLE KEYS */;
UNLOCK TABLES;




# Replace placeholder table for jobs_view with correct view syntax
# ------------------------------------------------------------

DROP TABLE `jobs_view`;

CREATE ALGORITHM=UNDEFINED DEFINER=`root`@`%` SQL SECURITY DEFINER VIEW `jobs_view`
AS SELECT
   `a`.`job_id` AS `job_id`,
   `a`.`job_companyuser` AS `job_companyuser`,
   `a`.`job_location` AS `job_location`,
   `a`.`job_title` AS `job_title`,
   `a`.`job_level` AS `job_level`,
   `a`.`job_skills` AS `job_skills`,
   `a`.`job_employmenttype` AS `job_employmenttype`,
   `a`.`job_yearsofexperience` AS `job_yearsofexperience`,
   `a`.`job_stages` AS `job_stages`,
   `a`.`job_description` AS `job_description`,
   `a`.`job_createdat` AS `job_createdat`,
   `b`.`companyuser_id` AS `companyuser_id`,
   `b`.`companyuser_company` AS `companyuser_company`,
   `b`.`companyuser_personalposition` AS `companyuser_personalposition`,
   `b`.`companyuser_email` AS `companyuser_email`,
   `b`.`companyuser_phonenumber` AS `companyuser_phonenumber`,
   `b`.`companyuser_mobilenumber` AS `companyuser_mobilenumber`,
   `b`.`companyuser_address1` AS `companyuser_address1`,
   `b`.`companyuser_address2` AS `companyuser_address2`,
   `b`.`companyuser_city` AS `companyuser_city`,
   `b`.`companyuser_createdat` AS `companyuser_createdat`,
   `b`.`companyuser_verified` AS `companyuser_verified`,
   `b`.`fcmtoken` AS `fcmtoken`,
   `b`.`companyuser_image` AS `companyuser_image`,
   `b`.`companyuser_facebookid` AS `companyuser_facebookid`,
   `b`.`companyuser_linkedinid` AS `companyuser_linkedinid`,
   `b`.`companyuser_googleid` AS `companyuser_googleid`,
   `b`.`PasswordHash` AS `PasswordHash`,
   `b`.`Iterations` AS `Iterations`,
   `b`.`Salt` AS `Salt`,
   `b`.`preferredindustry` AS `preferredindustry`,
   `b`.`preferredjobfields` AS `preferredjobfields`,
   `b`.`preferredlocation` AS `preferredlocation`,
   `b`.`timezone` AS `timezone`,
   `b`.`language` AS `language`,
   `c`.`company_id` AS `company_id`,
   `c`.`company_size` AS `company_size`,
   `c`.`company_name` AS `company_name`,
   `c`.`company_email` AS `company_email`,
   `c`.`company_address1` AS `company_address1`,
   `c`.`company_address2` AS `company_address2`,
   `c`.`company_city` AS `company_city`,
   `c`.`Banned` AS `Banned`,
   `c`.`company_logo` AS `company_logo`,
   `c`.`company_profileviews` AS `company_profileviews`,
   `c`.`company_recommendations` AS `company_recommendations`,
   `c`.`company_aboutus` AS `company_aboutus`,
   `c`.`company_website` AS `company_website`,
   `c`.`company_yearfound` AS `company_yearfound`,
   `c`.`company_industry` AS `company_industry`,
   `c`.`company_createdat` AS `company_createdat`
FROM ((`tbl_job` `a` join `tbl_company_user` `b` on((`a`.`job_companyuser` = `b`.`companyuser_id`))) join `tbl_company` `c` on((`b`.`companyuser_company` = `c`.`company_id`)));

/*!40111 SET SQL_NOTES=@OLD_SQL_NOTES */;
/*!40101 SET SQL_MODE=@OLD_SQL_MODE */;
/*!40014 SET FOREIGN_KEY_CHECKS=@OLD_FOREIGN_KEY_CHECKS */;
/*!40101 SET CHARACTER_SET_CLIENT=@OLD_CHARACTER_SET_CLIENT */;
/*!40101 SET CHARACTER_SET_RESULTS=@OLD_CHARACTER_SET_RESULTS */;
/*!40101 SET COLLATION_CONNECTION=@OLD_COLLATION_CONNECTION */;
